Step;avg_deliberation;avg_imitation;avg_repetition;avg_social;avg_utility;std_deliberation;std_imitation;std_repetition;std_social;std_utility
0;0.0;0.0;0.0;0.0;91.26666666666667;0,0000;0,0000;0,0000;0,0000;7,8237
1;19.2;0.0;0.06666666666666667;0.0;79.4;3,3209;0,0000;0,2582;0,0000;8,7896
2;10.733333333333333;0.0;0.0;0.0;96.13333333333334;3,0814;0,0000;0,0000;0,0000;10,9601
3;11.266666666666667;0.0;0.0;0.0;90.66666666666667;2,7377;0,0000;0,0000;0,0000;7,4706
4;9.4;0.0;0.0;0.0;94.66666666666667;3,1578;0,0000;0,0000;0,0000;9,7736
5;10.666666666666666;0.0;0.0;0.0;89.2;4,4024;0,0000;0,0000;0,0000;9,2288
6;10.266666666666667;0.0;0.0;0.0;97.4;2,2190;0,0000;0,0000;0,0000;11,9451
7;10.6;0.0;0.0;0.0;94.26666666666667;3,8322;0,0000;0,0000;0,0000;11,2724
8;10.133333333333333;0.0;0.0;0.0;93.73333333333333;3,0441;0,0000;0,0000;0,0000;8,5228
9;9.733333333333333;0.0;0.06666666666666667;0.0;92.2;2,6313;0,0000;0,2582;0,0000;11,2326
10;9.0;0.0;0.0;0.0;91.93333333333334;3,1396;0,0000;0,0000;0,0000;8,5646
11;8.533333333333333;0.0;0.0;0.0;92.2;3,3989;0,0000;0,0000;0,0000;6,7422
12;9.0;0.0;0.0;0.0;88.4;2,7775;0,0000;0,0000;0,0000;10,0485
13;10.6;0.0;0.06666666666666667;0.0;93.06666666666666;3,6214;0,0000;0,2582;0,0000;8,3278
14;11.0;0.0;0.0;0.0;94.06666666666666;3,7033;0,0000;0,0000;0,0000;9,6323
15;11.8;0.0;0.0;0.0;93.93333333333334;3,6292;0,0000;0,0000;0,0000;7,9684
16;9.266666666666667;0.0;0.0;0.0;92.8;2,9633;0,0000;0,0000;0,0000;10,9948
17;10.066666666666666;0.0;0.0;0.0;90.4;3,0582;0,0000;0,0000;0,0000;9,7673
18;8.533333333333333;0.0;0.0;0.0;91.46666666666667;2,5598;0,0000;0,0000;0,0000;8,1492
19;8.8;0.0;0.0;0.0;92.0;2,0424;0,0000;0,0000;0,0000;6,0474
20;11.466666666666667;0.0;0.0;0.0;97.86666666666666;2,7740;0,0000;0,0000;0,0000;8,3227
21;10.333333333333334;0.0;0.0;0.0;91.06666666666666;2,1602;0,0000;0,0000;0,0000;10,9640
22;10.0;0.0;0.06666666666666668;0.0;88.93333333333334;3,8914;0,0000;0,2582;0,0000;10,0461
23;10.4;0.0;0.0;0.0;91.93333333333334;2,8983;0,0000;0,0000;0,0000;11,5540
24;12.466666666666667;0.0;0.0;0.0;93.06666666666666;3,3778;0,0000;0,0000;0,0000;10,0176
25;10.866666666666667;0.0;0.06666666666666668;0.0;92.93333333333334;3,0675;0,0000;0,2582;0,0000;8,1981
26;11.466666666666667;0.0;0.06666666666666668;0.0;90.33333333333333;3,5024;0,0000;0,2582;0,0000;7,7059
27;11.066666666666666;0.0;0.13333333333333333;0.0;89.4;3,1952;0,0000;0,3519;0,0000;10,6624
28;10.466666666666667;0.0;0.0;0.0;97.13333333333334;3,9437;0,0000;0,0000;0,0000;10,2530
29;10.6;0.0;0.0;0.0;92.8;2,7203;0,0000;0,0000;0,0000;10,1924
30;11.0;0.0;0.0;0.0;90.53333333333333;3,1168;0,0000;0,0000;0,0000;10,3016
31;10.066666666666666;0.0;0.06666666666666668;0.0;92.0;2,6583;0,0000;0,2582;0,0000;6,9796
32;10.0;0.0;0.0;0.0;93.93333333333334;2,5912;0,0000;0,0000;0,0000;5,5609
33;10.4;0.0;0.0;0.0;90.4;3,2027;0,0000;0,0000;0,0000;10,1122
34;11.066666666666666;0.0;0.0;0.0;94.26666666666667;3,4115;0,0000;0,0000;0,0000;9,7429
35;9.066666666666666;0.0;0.0;0.0;91.13333333333334;2,6313;0,0000;0,0000;0,0000;8,7331
36;9.333333333333334;0.0;0.0;0.0;92.46666666666667;3,3947;0,0000;0,0000;0,0000;7,9180
37;10.6;0.0;0.0;0.0;92.73333333333333;3,0190;0,0000;0,0000;0,0000;9,4677
38;11.266666666666667;0.0;0.0;0.0;89.33333333333333;3,2616;0,0000;0,0000;0,0000;10,3900
39;9.2;0.0;0.0;0.0;93.06666666666666;2,7568;0,0000;0,0000;0,0000;10,4503
40;8.733333333333333;0.0;0.0;0.0;90.93333333333334;2,3135;0,0000;0,0000;0,0000;9,9245
41;10.2;0.0;0.0;0.0;90.8;3,5092;0,0000;0,0000;0,0000;12,1255
42;10.133333333333333;0.0;0.0;0.0;89.73333333333333;3,7007;0,0000;0,0000;0,0000;8,3192
43;10.466666666666667;0.0;0.0;0.0;93.86666666666666;2,7220;0,0000;0,0000;0,0000;10,1198
44;11.933333333333334;0.0;0.0;0.0;92.33333333333333;3,4942;0,0000;0,0000;0,0000;5,9482
45;9.6;0.0;0.06666666666666668;0.0;86.46666666666667;3,3975;0,0000;0,2582;0,0000;9,0227
46;9.866666666666667;0.0;0.0;0.0;91.6;3,9255;0,0000;0,0000;0,0000;11,2173
47;9.733333333333333;0.0;0.0;0.0;94.6;2,4044;0,0000;0,0000;0,0000;9,8184
48;9.6;0.0;0.0;0.0;93.93333333333334;2,2615;0,0000;0,0000;0,0000;7,9952
49;9.8;0.0;0.0;0.0;92.4;2,9809;0,0000;0,0000;0,0000;4,8668
50;11.066666666666666;0.0;0.0;0.0;91.46666666666667;2,7894;0,0000;0,0000;0,0000;8,8710
51;9.533333333333333;0.0;0.0;0.0;89.6;3,4198;0,0000;0,0000;0,0000;8,3049
52;10.733333333333333;0.0;0.0;0.0;92.6;3,2175;0,0000;0,0000;0,0000;7,2585
53;10.266666666666667;0.0;0.0;0.0;96.2;3,3051;0,0000;0,0000;0,0000;11,0208
54;10.8;0.0;0.06666666666666668;0.0;93.26666666666667;2,6511;0,0000;0,2582;0,0000;11,2152
55;9.866666666666667;0.0;0.0;0.0;91.66666666666667;2,8502;0,0000;0,0000;0,0000;7,5277
56;9.733333333333333;0.0;0.0;0.0;91.06666666666666;3,3481;0,0000;0,0000;0,0000;9,6767
57;11.0;0.0;0.0;0.0;89.33333333333333;4,5981;0,0000;0,0000;0,0000;11,1718
58;9.2;0.0;0.0;0.0;90.2;3,3637;0,0000;0,0000;0,0000;7,8212
59;11.4;0.0;0.06666666666666667;0.0;92.46666666666667;2,6939;0,0000;0,2582;0,0000;7,0495
60;10.066666666666666;0.0;0.06666666666666668;0.0;92.66666666666667;3,4737;0,0000;0,2582;0,0000;9,6782
61;10.066666666666666;0.0;0.0;0.0;95.26666666666667;4,1827;0,0000;0,0000;0,0000;7,9325
62;10.133333333333333;0.0;0.0;0.0;92.0;2,3258;0,0000;0,0000;0,0000;9,3580
63;10.6;0.0;0.0;0.0;92.86666666666666;4,1196;0,0000;0,0000;0,0000;10,4599
64;10.2;0.0;0.0;0.0;91.46666666666667;3,1893;0,0000;0,0000;0,0000;11,8856
65;10.4;0.0;0.0;0.0;91.73333333333333;2,2297;0,0000;0,0000;0,0000;10,8658
66;10.933333333333334;0.0;0.06666666666666668;0.0;90.6;3,7123;0,0000;0,2582;0,0000;9,8764
67;10.066666666666666;0.0;0.0;0.0;90.86666666666666;3,5550;0,0000;0,0000;0,0000;6,1513
68;10.333333333333334;0.0;0.0;0.0;89.6;2,9921;0,0000;0,0000;0,0000;8,9666
69;11.2;0.0;0.0;0.0;92.4;2,1778;0,0000;0,0000;0,0000;9,4400
70;11.266666666666667;0.0;0.0;0.0;91.86666666666666;2,7637;0,0000;0,0000;0,0000;8,6756
71;11.333333333333334;0.0;0.06666666666666667;0.0;91.2;3,5989;0,0000;0,2582;0,0000;9,6673
72;9.0;0.0;0.0;0.0;95.66666666666667;2,2991;0,0000;0,0000;0,0000;9,3707
73;10.666666666666666;0.0;0.0;0.0;91.4;3,2878;0,0000;0,0000;0,0000;11,2428
74;10.8;0.0;0.06666666666666668;0.0;88.6;4,7087;0,0000;0,2582;0,0000;7,8722
75;9.4;0.0;0.06666666666666668;0.0;97.26666666666667;3,9964;0,0000;0,2582;0,0000;8,4131
76;9.533333333333333;0.0;0.0;0.0;88.66666666666667;2,8502;0,0000;0,0000;0,0000;8,8936
77;11.266666666666667;0.0;0.0;0.0;95.73333333333333;2,3135;0,0000;0,0000;0,0000;7,6014
78;10.733333333333333;0.0;0.0;0.0;92.93333333333334;3,3905;0,0000;0,0000;0,0000;7,9504
79;10.2;0.0;0.0;0.0;93.53333333333333;2,4260;0,0000;0,0000;0,0000;10,2600
80;10.4;0.0;0.0;0.0;93.33333333333333;3,1803;0,0000;0,0000;0,0000;9,4390
81;11.733333333333333;0.0;0.06666666666666667;0.0;93.2;3,5146;0,0000;0,2582;0,0000;11,5894
82;10.4;0.0;0.06666666666666668;0.0;93.53333333333333;2,7723;0,0000;0,2582;0,0000;8,0433
83;9.733333333333333;0.0;0.0;0.0;88.93333333333334;2,6583;0,0000;0,0000;0,0000;8,4216
84;9.666666666666666;0.0;0.0;0.0;92.73333333333333;4,0825;0,0000;0,0000;0,0000;7,9054
85;10.2;0.0;0.0;0.0;92.66666666666667;2,7308;0,0000;0,0000;0,0000;10,8803
86;10.866666666666667;0.0;0.0;0.0;92.8;3,6814;0,0000;0,0000;0,0000;12,6163
87;10.466666666666667;0.0;0.0;0.0;90.33333333333333;2,6957;0,0000;0,0000;0,0000;9,8464
88;9.2;0.0;0.06666666666666668;0.0;91.46666666666667;3,5092;0,0000;0,2582;0,0000;9,7091
89;10.4;0.0;0.13333333333333336;0.0;95.33333333333333;2,5857;0,0000;0,3519;0,0000;9,7663
90;11.0;0.0;0.0;0.0;91.86666666666666;3,7985;0,0000;0,0000;0,0000;9,7458
91;10.133333333333333;0.0;0.0;0.0;90.73333333333333;3,4614;0,0000;0,0000;0,0000;9,2541
92;10.533333333333333;0.0;0.0;0.0;89.93333333333334;3,9073;0,0000;0,0000;0,0000;8,7052
93;10.0;0.0;0.0;0.0;93.8;3,3806;0,0000;0,0000;0,0000;9,4506
94;10.733333333333333;0.0;0.0;0.0;86.06666666666666;2,3745;0,0000;0,0000;0,0000;7,5542
95;9.666666666666666;0.0;0.0;0.0;92.26666666666667;2,1269;0,0000;0,0000;0,0000;10,9510
96;10.2;0.0;0.0;0.0;97.2;3,6684;0,0000;0,0000;0,0000;8,8172
97;10.533333333333333;0.0;0.0;0.0;91.8;3,6029;0,0000;0,0000;0,0000;6,1899
98;10.4;0.0;0.0;0.0;87.13333333333334;3,5416;0,0000;0,0000;0,0000;12,2408
99;10.466666666666667;0.0;0.0;0.0;88.6;3,2921;0,0000;0,0000;0,0000;8,9187
100;11.8;0.0;0.0;0.0;90.8;3,4476;0,0000;0,0000;0,0000;8,3083
101;11.4;0.0;0.0;0.0;93.93333333333334;2,9228;0,0000;0,0000;0,0000;9,2154
102;11.266666666666667;0.0;0.13333333333333336;0.0;87.46666666666667;5,4963;0,0000;0,3519;0,0000;10,6360
103;11.533333333333333;0.0;0.0;0.0;90.13333333333334;3,8705;0,0000;0,0000;0,0000;9,9057
104;11.0;0.0;0.0;0.0;92.0;3,9821;0,0000;0,0000;0,0000;12,2766
105;10.0;0.0;0.0;0.0;92.2;3,6056;0,0000;0,0000;0,0000;8,3169
106;10.066666666666666;0.0;0.0;0.0;92.93333333333334;3,4737;0,0000;0,0000;0,0000;9,9604
107;9.733333333333333;0.0;0.06666666666666668;0.0;86.46666666666667;2,8652;0,0000;0,2582;0,0000;11,6427
108;10.6;0.0;0.0;0.0;91.93333333333334;2,8234;0,0000;0,0000;0,0000;10,5049
109;9.533333333333333;0.0;0.0;0.0;95.86666666666666;2,6690;0,0000;0,0000;0,0000;12,0052
110;10.2;0.0;0.06666666666666668;0.0;89.26666666666667;2,9809;0,0000;0,2582;0,0000;11,2534
111;10.533333333333333;0.0;0.06666666666666668;0.0;92.26666666666667;3,7007;0,0000;0,2582;0,0000;10,3335
112;10.8;0.0;0.06666666666666668;0.0;88.53333333333333;3,0519;0,0000;0,2582;0,0000;9,6575
113;9.8;0.0;0.0;0.0;93.13333333333334;3,2116;0,0000;0,0000;0,0000;12,2525
114;8.0;0.0;0.06666666666666667;0.0;92.46666666666667;3,0000;0,0000;0,2582;0,0000;13,2819
115;9.733333333333333;0.0;0.0;0.0;93.46666666666667;2,6040;0,0000;0,0000;0,0000;7,0292
116;10.6;0.0;0.0;0.0;88.13333333333334;2,5857;0,0000;0,0000;0,0000;7,2591
117;8.2;0.0;0.0;0.0;94.4;2,4260;0,0000;0,0000;0,0000;11,4318
118;9.733333333333333;0.0;0.0;0.0;93.86666666666666;3,3051;0,0000;0,0000;0,0000;9,8043
119;9.466666666666667;0.0;0.0;0.0;91.66666666666667;5,5274;0,0000;0,0000;0,0000;7,4514
120;10.4;0.0;0.13333333333333333;0.0;92.53333333333333;2,7980;0,0000;0,3519;0,0000;8,7657
121;11.2;0.0;0.0;0.0;91.46666666666667;3,0519;0,0000;0,0000;0,0000;11,8374
122;11.133333333333333;0.0;0.0;0.0;91.2;2,6690;0,0000;0,0000;0,0000;12,8185
123;10.066666666666666;0.0;0.06666666666666667;0.0;93.33333333333333;3,1502;0,0000;0,2582;0,0000;12,0159
124;10.0;0.0;0.0;0.0;89.93333333333334;3,7607;0,0000;0,0000;0,0000;6,8187
125;10.266666666666667;0.0;0.0;0.0;94.8;2,3745;0,0000;0,0000;0,0000;10,0726
126;10.2;0.0;0.06666666666666668;0.0;92.93333333333334;3,9677;0,0000;0,2582;0,0000;6,4417
127;12.133333333333333;0.0;0.0;0.0;91.13333333333334;3,7200;0,0000;0,0000;0,0000;8,7003
128;10.4;0.0;0.0;0.0;95.46666666666667;3,3338;0,0000;0,0000;0,0000;4,3731
129;10.2;0.0;0.0;0.0;97.06666666666666;2,6241;0,0000;0,0000;0,0000;9,8159
130;11.6;0.0;0.0;0.0;90.6;3,9964;0,0000;0,0000;0,0000;9,3717
131;10.133333333333333;0.0;0.0;0.0;94.2;3,4819;0,0000;0,0000;0,0000;9,4959
132;9.2;0.0;0.0;0.0;89.73333333333333;2,7568;0,0000;0,0000;0,0000;8,1894
133;10.0;0.0;0.0;0.0;91.53333333333333;2,2361;0,0000;0,0000;0,0000;8,1141
134;9.666666666666666;0.0;0.0;0.0;90.33333333333333;3,8483;0,0000;0,0000;0,0000;7,6780
135;9.733333333333333;0.0;0.0;0.0;95.86666666666666;2,2509;0,0000;0,0000;0,0000;9,7751
136;10.733333333333333;0.0;0.0;0.0;89.66666666666667;2,3745;0,0000;0,0000;0,0000;7,1481
137;10.6;0.0;0.0;0.0;90.66666666666667;2,4437;0,0000;0,0000;0,0000;9,5069
138;10.666666666666666;0.0;0.06666666666666667;0.0;93.93333333333334;2,6095;0,0000;0,2582;0,0000;10,9444
139;10.066666666666666;0.0;0.0;0.0;93.2;2,3745;0,0000;0,0000;0,0000;12,5766
140;10.8;0.0;0.06666666666666668;0.0;95.13333333333334;3,0984;0,0000;0,2582;0,0000;10,0205
141;11.266666666666667;0.0;0.0;0.0;90.06666666666666;3,0111;0,0000;0,0000;0,0000;9,3691
142;9.4;0.0;0.0;0.0;94.6;2,9713;0,0000;0,0000;0,0000;11,3628
143;8.533333333333333;0.0;0.0;0.0;94.93333333333334;2,7220;0,0000;0,0000;0,0000;9,1219
144;10.0;0.0;0.0;0.0;93.8;2,8284;0,0000;0,0000;0,0000;9,8213
145;11.466666666666667;0.0;0.06666666666666668;0.0;97.4;2,6150;0,0000;0,2582;0,0000;7,9624
146;11.2;0.0;0.0;0.0;92.73333333333333;2,6511;0,0000;0,0000;0,0000;9,6988
147;11.0;0.0;0.06666666666666668;0.0;90.33333333333333;3,0938;0,0000;0,2582;0,0000;13,0421
148;9.266666666666667;0.0;0.0;0.0;90.6;1,8696;0,0000;0,0000;0,0000;11,2237
149;9.333333333333334;0.0;0.0;0.0;90.93333333333334;3,9940;0,0000;0,0000;0,0000;9,1766
150;10.866666666666667;0.0;0.0;0.0;89.53333333333333;1,9952;0,0000;0,0000;0,0000;9,7751
151;11.133333333333333;0.0;0.13333333333333336;0.0;91.53333333333333;2,5598;0,0000;0,3519;0,0000;7,8182
152;8.333333333333334;0.0;0.06666666666666668;0.0;92.13333333333334;2,7430;0,0000;0,2582;0,0000;9,3034
153;10.066666666666666;0.0;0.0;0.0;91.33333333333333;2,7115;0,0000;0,0000;0,0000;11,0303
154;10.466666666666667;0.0;0.0;0.0;91.4;3,7771;0,0000;0,0000;0,0000;11,5993
155;10.533333333333333;0.0;0.0;0.0;89.26666666666667;3,8520;0,0000;0,0000;0,0000;10,3818
156;9.533333333333333;0.0;0.0;0.0;88.46666666666667;3,3352;0,0000;0,0000;0,0000;9,5234
157;9.133333333333333;0.0;0.0;0.0;93.13333333333334;3,8148;0,0000;0,0000;0,0000;12,6484
158;10.6;0.0;0.06666666666666668;0.0;87.06666666666666;4,9106;0,0000;0,2582;0,0000;9,8014
159;8.666666666666666;0.0;0.0;0.0;94.06666666666666;3,3310;0,0000;0,0000;0,0000;8,5479
160;11.666666666666666;0.0;0.0;0.0;93.53333333333333;3,2219;0,0000;0,0000;0,0000;13,0869
161;10.6;0.0;0.0;0.0;94.0;2,0976;0,0000;0,0000;0,0000;9,1885
162;10.533333333333333;0.0;0.0;0.0;89.73333333333333;2,2949;0,0000;0,0000;0,0000;8,3876
163;9.066666666666666;0.0;0.0;0.0;92.8;2,3135;0,0000;0,0000;0,0000;8,8737
164;9.6;0.0;0.0;0.0;92.06666666666666;3,8693;0,0000;0,0000;0,0000;9,1688
165;8.4;0.0;0.0;0.0;89.6;4,2054;0,0000;0,0000;0,0000;13,1681
166;8.333333333333334;0.0;0.0;0.0;93.6;3,7161;0,0000;0,0000;0,0000;6,7273
167;11.6;0.0;0.0;0.0;93.13333333333334;2,6939;0,0000;0,0000;0,0000;8,8952
168;11.8;0.0;0.0;0.0;91.93333333333334;3,6684;0,0000;0,0000;0,0000;8,9160
169;10.733333333333333;0.0;0.0;0.0;93.13333333333334;3,1952;0,0000;0,0000;0,0000;12,4377
170;11.8;0.0;0.0;0.0;97.2;3,0519;0,0000;0,0000;0,0000;5,8822
171;11.0;0.0;0.06666666666666668;0.0;94.13333333333334;1,4142;0,0000;0,2582;0,0000;11,0121
172;9.6;0.0;0.0;0.0;89.2;3,8693;0,0000;0,0000;0,0000;7,8395
173;9.6;0.0;0.0;0.0;92.6;2,4437;0,0000;0,0000;0,0000;9,3182
174;10.733333333333333;0.0;0.0;0.0;91.6;3,5146;0,0000;0,0000;0,0000;7,1494
175;9.333333333333334;0.0;0.06666666666666668;0.0;91.06666666666666;2,5542;0,0000;0,2582;0,0000;10,1662
176;10.533333333333333;0.0;0.0;0.0;91.06666666666666;3,7960;0,0000;0,0000;0,0000;8,6228
177;9.866666666666667;0.0;0.0;0.0;90.13333333333334;4,3567;0,0000;0,0000;0,0000;7,3179
178;10.0;0.0;0.06666666666666668;0.0;89.06666666666666;2,7516;0,0000;0,2582;0,0000;8,8194
179;9.866666666666667;0.0;0.0;0.0;92.86666666666666;3,9255;0,0000;0,0000;0,0000;8,5178
180;10.266666666666667;0.0;0.0;0.0;90.0;2,7377;0,0000;0,0000;0,0000;9,0396
181;11.133333333333333;0.0;0.0;0.0;92.66666666666667;3,9437;0,0000;0,0000;0,0000;8,7233
182;10.333333333333334;0.0;0.13333333333333333;0.0;93.53333333333333;3,0628;0,0000;0,3519;0,0000;8,3569
183;10.666666666666666;0.0;0.06666666666666667;0.0;91.93333333333334;2,7430;0,0000;0,2582;0,0000;11,8470
184;11.733333333333333;0.0;0.0;0.0;90.0;2,8652;0,0000;0,0000;0,0000;7,2899
185;10.866666666666667;0.0;0.0;0.0;91.46666666666667;3,9255;0,0000;0,0000;0,0000;8,1580
186;10.666666666666666;0.0;0.06666666666666667;0.0;90.53333333333333;3,9219;0,0000;0,2582;0,0000;9,8551
187;10.8;0.0;0.0;0.0;92.4;3,1893;0,0000;0,0000;0,0000;7,1694
188;9.4;0.0;0.0;0.0;90.33333333333333;2,7723;0,0000;0,0000;0,0000;7,9072
189;10.8;0.0;0.0;0.0;96.0;3,3209;0,0000;0,0000;0,0000;8,4515
190;11.133333333333333;0.0;0.0;0.0;93.33333333333333;3,6423;0,0000;0,0000;0,0000;10,2097
191;10.066666666666666;0.0;0.0;0.0;95.0;3,4737;0,0000;0,0000;0,0000;12,2416
192;12.2;0.0;0.0;0.0;92.4;4,9164;0,0000;0,0000;0,0000;10,5681
193;9.066666666666666;0.0;0.0;0.0;91.66666666666667;2,9873;0,0000;0,0000;0,0000;8,3038
194;9.266666666666667;0.0;0.06666666666666668;0.0;92.06666666666666;2,8900;0,0000;0,2582;0,0000;11,9730
195;11.0;0.0;0.0;0.0;93.8;4,6904;0,0000;0,0000;0,0000;7,8667
196;9.933333333333334;0.0;0.06666666666666668;0.0;94.33333333333333;3,3481;0,0000;0,2582;0,0000;6,5101
197;11.2;0.0;0.0;0.0;95.13333333333334;3,2338;0,0000;0,0000;0,0000;6,9371
198;11.866666666666667;0.0;0.0;0.0;92.8;3,2042;0,0000;0,0000;0,0000;9,2752
199;10.266666666666667;0.0;0.0;0.0;95.13333333333334;3,1502;0,0000;0,0000;0,0000;8,7901
200;10.666666666666666;0.0;0.0;0.0;93.73333333333333;2,9196;0,0000;0,0000;0,0000;8,2675
201;9.6;0.0;0.0;0.0;92.06666666666666;3,0892;0,0000;0,0000;0,0000;9,2618
202;10.066666666666666;0.0;0.0;0.0;91.46666666666667;3,3693;0,0000;0,0000;0,0000;11,5873
203;10.533333333333333;0.0;0.0;0.0;94.86666666666666;3,0907;0,0000;0,0000;0,0000;9,9274
204;11.4;0.0;0.0;0.0;93.33333333333333;3,6606;0,0000;0,0000;0,0000;9,7955
205;9.933333333333334;0.0;0.06666666666666668;0.0;93.33333333333333;3,1728;0,0000;0,2582;0,0000;7,6873
206;11.466666666666667;0.0;0.06666666666666668;0.0;92.66666666666667;3,5830;0,0000;0,2582;0,0000;12,4193
207;9.866666666666667;0.0;0.0;0.0;90.86666666666666;2,9244;0,0000;0,0000;0,0000;8,1229
208;10.866666666666667;0.0;0.0;0.0;90.86666666666666;1,6847;0,0000;0,0000;0,0000;8,5094
209;8.6;0.0;0.06666666666666668;0.0;94.0;3,1351;0,0000;0,2582;0,0000;10,8956
210;10.466666666666667;0.0;0.0;0.0;90.8;2,7482;0,0000;0,0000;0,0000;4,9454
211;9.8;0.0;0.0;0.0;91.2;3,8582;0,0000;0,0000;0,0000;10,1714
212;11.466666666666667;0.0;0.0;0.0;92.73333333333333;2,7997;0,0000;0,0000;0,0000;8,0929
213;9.933333333333334;0.0;0.0;0.0;90.0;2,6583;0,0000;0,0000;0,0000;8,6437
214;9.933333333333334;0.0;0.0;0.0;88.4;3,1502;0,0000;0,0000;0,0000;7,6607
215;9.266666666666667;0.0;0.06666666666666668;0.0;91.66666666666667;3,5950;0,0000;0,2582;0,0000;8,5663
216;11.466666666666667;0.0;0.0;0.0;92.6;3,3989;0,0000;0,0000;0,0000;7,1494
217;10.066666666666666;0.0;0.0;0.0;89.46666666666667;3,5750;0,0000;0,0000;0,0000;9,0306
218;11.6;0.0;0.0;0.0;94.13333333333334;3,1351;0,0000;0,0000;0,0000;8,9192
219;10.266666666666667;0.0;0.0;0.0;90.86666666666666;3,2834;0,0000;0,0000;0,0000;9,3646
220;11.533333333333333;0.0;0.0;0.0;92.26666666666667;2,8251;0,0000;0,0000;0,0000;8,3876
221;11.4;0.0;0.0;0.0;93.06666666666666;3,4600;0,0000;0,0000;0,0000;8,7380
222;11.333333333333334;0.0;0.0;0.0;93.66666666666667;3,8668;0,0000;0,0000;0,0000;11,4995
223;9.4;0.0;0.0;0.0;96.4;2,5014;0,0000;0,0000;0,0000;8,7080
224;11.4;0.0;0.0;0.0;94.06666666666666;2,9713;0,0000;0,0000;0,0000;6,7344
225;10.666666666666666;0.0;0.0;0.0;96.06666666666666;3,2878;0,0000;0,0000;0,0000;6,0293
226;11.2;0.0;0.0;0.0;97.13333333333334;2,6241;0,0000;0,0000;0,0000;7,3860
227;10.4;0.0;0.0;0.0;91.2;2,9952;0,0000;0,0000;0,0000;12,1314
228;9.4;0.0;0.0;0.0;95.13333333333334;3,2689;0,0000;0,0000;0,0000;7,5296
229;10.266666666666667;0.0;0.0;0.0;92.53333333333333;2,5204;0,0000;0,0000;0,0000;8,8226
230;10.333333333333334;0.0;0.0;0.0;91.0;2,7430;0,0000;0,0000;0,0000;6,1296
231;8.733333333333333;0.0;0.0;0.0;93.66666666666667;2,9633;0,0000;0,0000;0,0000;9,6634
232;10.733333333333333;0.0;0.0;0.0;94.4;3,4531;0,0000;0,0000;0,0000;10,2942
233;9.533333333333333;0.0;0.0;0.0;87.86666666666666;3,9255;0,0000;0,0000;0,0000;6,1396
234;8.533333333333333;0.0;0.0;0.0;91.46666666666667;2,1996;0,0000;0,0000;0,0000;8,2624
235;10.066666666666666;0.0;0.0;0.0;91.33333333333333;2,0517;0,0000;0,0000;0,0000;7,8982
236;9.8;0.0;0.0;0.0;95.4;2,6780;0,0000;0,0000;0,0000;10,2525
237;11.466666666666667;0.0;0.0;0.0;88.33333333333333;3,1366;0,0000;0,0000;0,0000;8,6327
238;11.4;0.0;0.0;0.0;88.0;2,9472;0,0000;0,0000;0,0000;12,0535
239;9.2;0.0;0.0;0.0;90.53333333333333;3,2994;0,0000;0,0000;0,0000;8,3910
240;9.6;0.0;0.0;0.0;93.33333333333333;3,1578;0,0000;0,0000;0,0000;10,7149
241;9.8;0.0;0.06666666666666668;0.0;96.2;3,0752;0,0000;0,2582;0,0000;11,7729
242;10.333333333333334;0.0;0.0;0.0;93.73333333333333;4,0825;0,0000;0,0000;0,0000;9,1219
243;11.866666666666667;0.0;0.0;0.0;93.93333333333334;3,4407;0,0000;0,0000;0,0000;10,3473
244;9.0;0.0;0.06666666666666668;0.0;92.4;1,8127;0,0000;0,2582;0,0000;8,8785
245;9.466666666666667;0.0;0.0;0.0;91.53333333333333;2,2318;0,0000;0,0000;0,0000;7,4149
246;9.933333333333334;0.0;0.0;0.0;91.8;2,8149;0,0000;0,0000;0,0000;7,3504
247;10.0;0.0;0.0;0.0;92.53333333333333;2,4202;0,0000;0,0000;0,0000;9,8841
248;10.8;0.0;0.0;0.0;95.13333333333334;3,1893;0,0000;0,0000;0,0000;9,8261
249;10.666666666666666;0.0;0.0;0.0;93.8;3,9761;0,0000;0,0000;0,0000;7,7108
250;11.933333333333334;0.0;0.13333333333333333;0.0;93.86666666666666;2,6313;0,0000;0,3519;0,0000;9,3110
251;9.8;0.0;0.0;0.0;95.46666666666667;3,7264;0,0000;0,0000;0,0000;6,6640
252;9.466666666666667;0.0;0.06666666666666668;0.0;92.86666666666666;3,4819;0,0000;0,2582;0,0000;5,7305
253;10.2;0.0;0.0;0.0;89.66666666666667;3,3637;0,0000;0,0000;0,0000;8,0682
254;9.733333333333333;0.0;0.0;0.0;97.2;2,4919;0,0000;0,0000;0,0000;9,2056
255;10.666666666666666;0.0;0.06666666666666668;0.0;90.93333333333334;4,1519;0,0000;0,2582;0,0000;10,0105
256;11.266666666666667;0.0;0.0;0.0;93.33333333333333;3,0347;0,0000;0,0000;0,0000;9,9690
257;10.8;0.0;0.06666666666666668;0.0;91.73333333333333;3,4888;0,0000;0,2582;0,0000;7,6669
258;10.866666666666667;0.0;0.13333333333333333;0.0;94.06666666666666;3,8889;0,0000;0,3519;0,0000;9,2772
259;9.8;0.0;0.0;0.0;93.86666666666666;1,8205;0,0000;0,0000;0,0000;7,5769
260;10.066666666666666;0.0;0.0;0.0;87.66666666666667;3,9182;0,0000;0,0000;0,0000;7,9252
261;9.933333333333334;0.0;0.0;0.0;89.86666666666666;3,2616;0,0000;0,0000;0,0000;12,1647
262;9.533333333333333;0.0;0.0;0.0;90.66666666666667;2,8752;0,0000;0,0000;0,0000;10,5266
263;10.733333333333333;0.0;0.0;0.0;92.46666666666667;2,1202;0,0000;0,0000;0,0000;11,0121
264;10.0;0.0;0.0;0.0;94.73333333333333;3,0237;0,0000;0,0000;0,0000;10,2502
265;9.466666666666667;0.0;0.0;0.0;88.2;3,5024;0,0000;0,0000;0,0000;7,6364
266;10.933333333333334;0.0;0.0;0.0;91.8;2,9147;0,0000;0,0000;0,0000;7,0832
267;10.333333333333334;0.0;0.0;0.0;94.33333333333333;3,7161;0,0000;0,0000;0,0000;5,9362
268;9.266666666666667;0.0;0.0;0.0;85.86666666666666;2,5204;0,0000;0,0000;0,0000;11,4634
269;10.466666666666667;0.0;0.0;0.0;91.73333333333333;4,0860;0,0000;0,0000;0,0000;9,7575
270;8.533333333333333;0.0;0.0;0.0;90.0;2,2318;0,0000;0,0000;0,0000;7,4354
271;11.666666666666666;0.0;0.0;0.0;92.26666666666667;2,7689;0,0000;0,0000;0,0000;9,9245
272;9.4;0.0;0.0;0.0;93.06666666666666;4,1196;0,0000;0,0000;0,0000;9,8086
273;10.066666666666666;0.0;0.0;0.0;90.4;4,2505;0,0000;0,0000;0,0000;6,4009
274;10.733333333333333;0.0;0.0;0.0;92.4;2,6851;0,0000;0,0000;0,0000;9,9986
275;10.133333333333333;0.0;0.0;0.0;89.46666666666667;2,1996;0,0000;0,0000;0,0000;9,8696
276;9.733333333333333;0.0;0.0;0.0;88.26666666666667;2,3135;0,0000;0,0000;0,0000;6,5079
277;8.4;0.0;0.0;0.0;92.93333333333334;2,6403;0,0000;0,0000;0,0000;7,2651
278;10.8;0.0;0.0;0.0;93.93333333333334;3,3209;0,0000;0,0000;0,0000;6,9843
279;10.666666666666666;0.0;0.0;0.0;90.53333333333333;2,8452;0,0000;0,0000;0,0000;5,7801
280;10.333333333333334;0.0;0.0;0.0;94.26666666666667;2,8702;0,0000;0,0000;0,0000;6,1117
281;11.266666666666667;0.0;0.0;0.0;92.66666666666667;3,7696;0,0000;0,0000;0,0000;6,6512
282;10.333333333333334;0.0;0.06666666666666668;0.0;89.53333333333333;2,5820;0,0000;0,2582;0,0000;8,7901
283;10.666666666666666;0.0;0.0;0.0;87.8;3,1997;0,0000;0,0000;0,0000;8,8657
284;9.8;0.0;0.06666666666666668;0.0;94.53333333333333;3,0984;0,0000;0,2582;0,0000;10,5483
285;10.333333333333334;0.0;0.0;0.0;90.13333333333334;2,9439;0,0000;0,0000;0,0000;10,3983
286;10.733333333333333;0.0;0.0;0.0;96.33333333333333;3,9725;0,0000;0,0000;0,0000;7,8710
287;11.133333333333333;0.0;0.0;0.0;89.53333333333333;2,0999;0,0000;0,0000;0,0000;8,2883
288;10.666666666666666;0.0;0.0;0.0;94.0;3,4983;0,0000;0,0000;0,0000;9,1885
289;10.866666666666667;0.0;0.0;0.0;89.26666666666667;4,3567;0,0000;0,0000;0,0000;6,0529
290;9.6;0.0;0.06666666666666667;0.0;91.73333333333333;3,2470;0,0000;0,2582;0,0000;8,8274
291;10.2;0.0;0.0;0.0;94.8;3,5697;0,0000;0,0000;0,0000;8,0374
292;10.6;0.0;0.0;0.0;94.46666666666667;2,9228;0,0000;0,0000;0,0000;9,7238
293;10.533333333333333;0.0;0.0;0.0;94.0;3,1593;0,0000;0,0000;0,0000;9,7541
294;9.466666666666667;0.0;0.0;0.0;91.26666666666667;2,6690;0,0000;0,0000;0,0000;12,0206
295;9.733333333333333;0.0;0.06666666666666668;0.0;91.0;2,3442;0,0000;0,2582;0,0000;11,2948
296;9.466666666666667;0.0;0.0;0.0;94.73333333333333;3,4198;0,0000;0,0000;0,0000;7,9415
297;11.2;0.0;0.06666666666666667;0.0;91.46666666666667;3,0752;0,0000;0,2582;0,0000;11,0186
298;10.066666666666666;0.0;0.06666666666666668;0.0;93.33333333333333;3,5146;0,0000;0,2582;0,0000;10,7814
299;10.266666666666667;0.0;0.0;0.0;88.2;2,7894;0,0000;0,0000;0,0000;9,6525
300;9.133333333333333;0.0;0.0;0.0;94.86666666666666;2,4162;0,0000;0,0000;0,0000;8,8791
301;9.533333333333333;0.0;0.0;0.0;92.8;2,8502;0,0000;0,0000;0,0000;6,7844
302;9.6;0.0;0.06666666666666667;0.0;90.8;3,5817;0,0000;0,2582;0,0000;7,4470
303;10.733333333333333;0.0;0.06666666666666667;0.0;91.73333333333333;2,7637;0,0000;0,2582;0,0000;7,7962
304;10.733333333333333;0.0;0.06666666666666668;0.0;91.4;2,7115;0,0000;0,2582;0,0000;8,3563
305;10.0;0.0;0.0;0.0;94.2;3,5657;0,0000;0,0000;0,0000;5,5446
306;9.4;0.0;0.0;0.0;92.8;2,5579;0,0000;0,0000;0,0000;9,5857
307;9.533333333333333;0.0;0.0;0.0;91.26666666666667;2,6957;0,0000;0,0000;0,0000;6,5516
308;9.333333333333334;0.0;0.06666666666666667;0.0;91.93333333333334;2,7946;0,0000;0,2582;0,0000;9,2232
309;10.066666666666666;0.0;0.0;0.0;97.6;3,3267;0,0000;0,0000;0,0000;7,9714
310;8.533333333333333;0.0;0.0;0.0;89.2;2,6150;0,0000;0,0000;0,0000;9,4657
311;9.266666666666667;0.0;0.06666666666666667;0.0;88.46666666666667;3,3693;0,0000;0,2582;0,0000;6,6961
312;9.666666666666666;0.0;0.0;0.0;93.26666666666667;2,9439;0,0000;0,0000;0,0000;5,0915
313;10.866666666666667;0.0;0.0;0.0;89.26666666666667;3,4198;0,0000;0,0000;0,0000;9,5578
314;10.333333333333334;0.0;0.0;0.0;90.66666666666667;4,2538;0,0000;0,0000;0,0000;5,5763
315;9.8;0.0;0.06666666666666668;0.0;92.73333333333333;2,5967;0,0000;0,2582;0,0000;9,1766
316;9.333333333333334;0.0;0.0;0.0;94.46666666666667;3,1997;0,0000;0,0000;0,0000;12,3859
317;9.4;0.0;0.0;0.0;89.33333333333333;3,4806;0,0000;0,0000;0,0000;7,8072
318;10.0;0.0;0.0;0.0;91.2;2,6992;0,0000;0,0000;0,0000;10,7318
319;10.4;0.0;0.06666666666666667;0.0;90.86666666666666;2,3543;0,0000;0,2582;0,0000;8,0699
320;10.733333333333333;0.0;0.0;0.0;91.0;2,8402;0,0000;0,0000;0,0000;7,2210
321;9.133333333333333;0.0;0.0;0.0;94.53333333333333;2,6150;0,0000;0,0000;0,0000;7,4342
322;9.2;0.0;0.0;0.0;90.46666666666667;3,4888;0,0000;0,0000;0,0000;10,2111
323;10.8;0.0;0.06666666666666668;0.0;93.93333333333334;3,5295;0,0000;0,2582;0,0000;9,4072
324;11.6;0.0;0.0;0.0;94.53333333333333;4,9685;0,0000;0,0000;0,0000;8,8064
325;10.533333333333333;0.0;0.13333333333333333;0.0;89.33333333333333;3,0206;0,0000;0,3519;0,0000;11,6660
326;8.533333333333333;0.0;0.06666666666666668;0.0;90.73333333333333;3,1366;0,0000;0,2582;0,0000;9,4979
327;10.933333333333334;0.0;0.0;0.0;91.2;3,6345;0,0000;0,0000;0,0000;11,2834
328;11.466666666666667;0.0;0.0;0.0;93.93333333333334;3,5227;0,0000;0,0000;0,0000;11,7745
329;10.8;0.0;0.0;0.0;93.6;1,9346;0,0000;0,0000;0,0000;8,3478
330;10.666666666666666;0.0;0.0;0.0;93.86666666666666;3,6580;0,0000;0,0000;0,0000;9,0543
331;10.133333333333333;0.0;0.0;0.0;93.06666666666666;2,5033;0,0000;0,0000;0,0000;7,7133
332;9.4;0.0;0.0;0.0;91.46666666666667;2,8735;0,0000;0,0000;0,0000;7,3277
333;10.866666666666667;0.0;0.0;0.0;94.46666666666667;3,1137;0,0000;0,0000;0,0000;7,7724
334;10.2;0.0;0.06666666666666667;0.0;93.53333333333333;4,2122;0,0000;0,2582;0,0000;7,3666
335;11.933333333333334;0.0;0.0;0.0;92.33333333333333;2,3442;0,0000;0,0000;0,0000;12,6076
336;9.933333333333334;0.0;0.0;0.0;91.13333333333334;2,2509;0,0000;0,0000;0,0000;11,1411
337;9.533333333333333;0.0;0.06666666666666667;0.0;94.2;3,9073;0,0000;0,2582;0,0000;7,3698
338;10.4;0.0;0.13333333333333336;0.0;91.33333333333333;3,9243;0,0000;0,3519;0,0000;8,2347
339;10.266666666666667;0.0;0.0;0.0;89.66666666666667;2,2190;0,0000;0,0000;0,0000;13,7875
340;9.0;0.0;0.06666666666666667;0.0;93.0;2,9277;0,0000;0,2582;0,0000;10,9935
341;10.8;0.0;0.0;0.0;90.06666666666666;2,7045;0,0000;0,0000;0,0000;9,9676
342;9.6;0.0;0.0;0.0;95.0;4,0143;0,0000;0,0000;0,0000;8,7178
343;10.6;0.0;0.0;0.0;96.33333333333333;2,7464;0,0000;0,0000;0,0000;8,2606
344;10.733333333333333;0.0;0.06666666666666668;0.0;91.33333333333333;3,0582;0,0000;0,2582;0,0000;7,0576
345;10.6;0.0;0.0;0.0;93.6;3,7378;0,0000;0,0000;0,0000;11,3440
346;11.866666666666667;0.0;0.0;0.0;94.33333333333333;3,1137;0,0000;0,0000;0,0000;8,5412
347;10.533333333333333;0.0;0.0;0.0;94.8;3,0206;0,0000;0,0000;0,0000;8,0552
348;10.866666666666667;0.0;0.0;0.0;92.86666666666666;2,8999;0,0000;0,0000;0,0000;11,1986
349;10.333333333333334;0.0;0.0;0.0;96.0;3,1320;0,0000;0,0000;0,0000;10,1770
350;10.066666666666666;0.0;0.0;0.0;86.4;3,6148;0,0000;0,0000;0,0000;9,8111
351;8.933333333333334;0.0;0.0;0.0;94.53333333333333;4,0614;0,0000;0,0000;0,0000;7,9450
352;9.066666666666666;0.0;0.06666666666666668;0.0;97.2;3,1275;0,0000;0,2582;0,0000;9,8213
353;12.266666666666667;0.0;0.0;0.0;92.4;2,8652;0,0000;0,0000;0,0000;7,6700
354;10.733333333333333;0.0;0.0;0.0;88.4;3,8073;0,0000;0,0000;0,0000;9,4097
355;9.933333333333334;0.0;0.0;0.0;90.06666666666666;2,7115;0,0000;0,0000;0,0000;10,9900
356;10.0;0.0;0.0;0.0;90.8;3,3166;0,0000;0,0000;0,0000;9,8720
357;10.466666666666667;0.0;0.0;0.0;92.86666666666666;2,4456;0,0000;0,0000;0,0000;10,6695
358;10.4;0.0;0.0;0.0;94.2;3,4184;0,0000;0,0000;0,0000;9,7994
359;10.533333333333333;0.0;0.06666666666666667;0.0;91.06666666666666;2,2636;0,0000;0,2582;0,0000;10,2013
