Run;step;repetition;deliberation;imitation;social;utility
0;0;0;0;0;0;95
0;1;21;0;0;0;73
0;2;8;0;0;0;87
0;3;13;0;0;0;82
0;4;9;1;0;0;103
0;5;10;0;0;0;106
0;6;10;0;0;0;91
0;7;9;0;0;0;101
0;8;8;0;0;0;90
0;9;4;0;0;0;98
0;10;10;0;0;0;82
0;11;13;1;0;0;100
0;12;11;2;0;0;84
0;13;5;0;0;0;96
0;14;7;1;0;0;77
0;15;10;0;0;0;91
0;16;6;0;0;0;99
0;17;9;0;0;0;94
0;18;12;0;0;0;93
0;19;8;0;0;0;89
0;20;6;0;0;0;77
0;21;12;0;0;0;110
0;22;12;0;0;0;89
0;23;9;0;0;0;82
0;24;11;0;0;0;96
0;25;16;0;0;0;83
0;26;12;0;0;0;90
0;27;10;1;0;0;85
0;28;12;0;0;0;103
0;29;14;1;1;0;84
0;30;11;0;0;0;86
0;31;10;0;0;0;104
0;32;16;2;0;0;86
0;33;12;1;0;0;79
0;34;7;0;0;0;84
0;35;14;0;0;0;83
0;36;9;0;0;0;81
0;37;10;0;0;0;93
0;38;11;0;0;0;103
0;39;7;1;0;0;83
0;40;11;0;0;0;87
0;41;12;0;0;0;83
0;42;10;0;0;0;94
0;43;9;0;0;0;73
0;44;8;1;0;0;92
0;45;5;0;0;0;95
0;46;14;1;0;0;85
0;47;14;0;0;0;89
0;48;8;0;0;0;99
0;49;16;1;0;0;103
0;50;12;0;0;0;83
0;51;13;0;0;0;99
0;52;8;0;0;0;100
0;53;12;0;0;0;91
0;54;6;0;0;0;99
0;55;10;0;0;0;91
0;56;8;0;0;0;96
0;57;10;0;0;0;103
0;58;11;0;0;0;65
0;59;9;0;0;0;87
0;60;11;0;0;0;87
0;61;12;0;0;0;113
0;62;13;0;1;0;79
0;63;9;0;0;0;87
0;64;9;0;0;0;93
0;65;10;0;0;0;95
0;66;9;0;1;0;117
0;67;11;0;0;0;81
0;68;7;0;0;0;106
0;69;10;0;1;0;100
0;70;15;0;0;0;90
0;71;10;1;1;0;80
0;72;5;0;0;0;84
0;73;2;0;0;0;86
0;74;9;0;0;0;101
0;75;7;1;0;0;106
0;76;7;1;0;0;76
0;77;8;0;0;0;112
0;78;14;1;1;0;93
0;79;6;0;0;0;98
0;80;9;0;0;0;95
0;81;12;0;0;0;108
0;82;16;0;0;0;78
0;83;8;0;0;0;110
0;84;15;1;0;0;87
0;85;7;0;0;0;79
0;86;7;0;0;0;112
0;87;11;1;0;0;90
0;88;9;0;0;0;94
0;89;11;0;0;0;90
0;90;8;0;0;0;89
0;91;14;0;0;0;105
0;92;16;1;0;0;103
0;93;8;1;0;0;91
0;94;13;0;0;0;93
0;95;8;0;0;0;83
0;96;6;1;0;0;79
0;97;13;0;0;0;81
0;98;11;0;0;0;87
0;99;7;0;0;0;88
0;100;8;1;0;0;79
0;101;11;0;0;0;87
0;102;12;0;0;0;95
0;103;9;0;0;0;85
0;104;13;0;0;0;90
0;105;10;0;0;0;97
0;106;5;1;0;0;95
0;107;8;1;0;0;101
0;108;12;0;0;0;79
0;109;8;1;0;0;91
0;110;11;0;0;0;81
0;111;9;0;0;0;86
0;112;9;1;0;0;96
0;113;14;1;0;0;82
0;114;8;0;0;0;77
0;115;15;0;0;0;105
0;116;9;0;0;0;76
0;117;4;0;0;0;94
0;118;11;1;0;0;76
0;119;8;0;0;0;99
0;120;10;0;0;0;100
0;121;13;0;0;0;100
0;122;13;1;0;0;86
0;123;11;0;1;0;108
0;124;9;1;0;0;94
0;125;7;0;0;0;91
0;126;14;0;0;0;99
0;127;8;0;0;0;104
0;128;12;1;0;0;106
0;129;10;0;0;0;96
0;130;14;1;0;0;108
0;131;10;0;0;0;91
0;132;16;0;0;0;100
0;133;19;1;0;0;81
0;134;8;0;0;0;80
0;135;4;0;0;0;87
0;136;9;0;0;0;99
0;137;10;0;0;0;89
0;138;11;1;0;0;83
0;139;14;1;0;0;105
0;140;12;1;0;0;105
0;141;17;0;0;0;88
0;142;14;0;0;0;85
0;143;7;0;0;0;89
0;144;12;0;0;0;89
0;145;8;0;0;0;73
0;146;7;1;0;0;96
0;147;7;1;0;0;92
0;148;8;0;0;0;82
0;149;10;0;0;0;85
0;150;10;1;0;0;89
0;151;7;0;0;0;100
0;152;12;1;0;0;88
0;153;11;2;0;0;103
0;154;3;1;0;0;89
0;155;8;0;0;0;80
0;156;8;0;0;0;93
0;157;11;0;0;0;84
0;158;11;0;1;0;97
0;159;8;0;0;0;85
0;160;8;0;0;0;91
0;161;10;0;0;0;91
0;162;12;1;0;0;91
0;163;7;0;0;0;106
0;164;14;1;0;0;85
0;165;12;0;0;0;103
0;166;9;3;0;0;105
0;167;12;1;0;0;80
0;168;14;1;0;0;103
0;169;10;0;0;0;72
0;170;11;0;0;0;98
0;171;11;0;1;0;109
0;172;7;0;0;0;96
0;173;7;2;0;0;90
0;174;6;0;0;0;80
0;175;3;0;0;0;87
0;176;7;2;0;0;102
0;177;6;0;0;0;94
0;178;5;0;0;0;84
0;179;5;1;0;0;87
0;180;13;0;0;0;95
0;181;8;0;0;0;90
0;182;8;0;0;0;106
0;183;11;1;0;0;83
0;184;8;1;0;0;104
0;185;13;0;0;0;90
0;186;9;0;0;0;93
0;187;12;0;0;0;80
0;188;9;0;0;0;82
0;189;7;1;0;0;100
0;190;13;0;0;0;99
0;191;7;0;0;0;71
0;192;5;0;0;0;103
0;193;14;0;0;0;92
0;194;15;0;0;0;88
0;195;14;0;0;0;91
0;196;10;0;0;0;94
0;197;12;0;0;0;99
0;198;15;0;0;0;90
0;199;9;0;0;0;94
0;200;8;0;0;0;85
0;201;10;0;0;0;106
0;202;6;0;0;0;95
0;203;9;0;0;0;79
0;204;8;0;0;0;101
0;205;9;0;0;0;99
0;206;7;0;0;0;79
0;207;7;0;0;0;86
0;208;10;2;0;0;93
0;209;16;0;0;0;91
0;210;6;2;0;0;84
0;211;11;1;0;0;96
0;212;9;0;0;0;91
0;213;8;0;1;0;95
0;214;8;0;0;0;71
0;215;8;0;0;0;90
0;216;10;0;0;0;89
0;217;11;1;0;0;94
0;218;10;0;0;0;100
0;219;10;0;0;0;106
0;220;12;0;0;0;93
0;221;8;1;0;0;94
0;222;12;0;0;0;77
0;223;10;0;0;0;89
0;224;9;0;0;0;110
0;225;11;0;0;0;85
0;226;9;0;0;0;89
0;227;10;0;0;0;100
0;228;13;0;0;0;83
0;229;5;0;0;0;89
0;230;10;0;0;0;90
0;231;10;0;0;0;103
0;232;7;2;0;0;92
0;233;17;0;0;0;89
0;234;9;0;0;0;89
0;235;15;1;0;0;79
0;236;7;1;0;0;92
0;237;11;2;0;0;96
0;238;10;0;0;0;96
0;239;10;0;0;0;79
0;240;11;0;0;0;102
0;241;10;0;0;0;79
0;242;7;1;0;0;102
0;243;9;2;0;0;93
0;244;7;0;0;0;93
0;245;7;1;0;0;113
0;246;11;0;1;0;103
0;247;11;0;0;0;94
0;248;12;0;0;0;96
0;249;14;1;0;0;98
0;250;9;0;0;0;88
0;251;14;0;0;0;72
0;252;7;0;0;0;98
0;253;16;0;0;0;86
0;254;10;0;0;0;100
0;255;7;0;0;0;102
0;256;14;0;0;0;101
0;257;13;1;0;0;96
0;258;14;0;0;0;87
0;259;8;0;0;0;108
0;260;12;0;0;0;90
0;261;9;0;0;0;83
0;262;6;1;0;0;85
0;263;8;0;0;0;90
0;264;11;1;0;0;94
0;265;11;1;0;0;96
0;266;14;0;0;0;117
0;267;10;0;0;0;108
0;268;7;0;0;0;85
0;269;6;1;0;0;104
0;270;10;0;0;0;90
0;271;9;0;0;0;97
0;272;12;0;0;0;92
0;273;16;0;0;0;110
0;274;9;0;0;0;87
0;275;6;0;1;0;88
0;276;9;1;0;0;88
0;277;12;0;0;0;104
0;278;12;1;0;0;84
0;279;6;0;0;0;90
0;280;6;2;0;0;96
0;281;10;0;0;0;91
0;282;4;1;0;0;99
0;283;14;0;0;0;98
0;284;12;0;0;0;91
0;285;16;0;0;0;75
0;286;13;0;0;0;81
0;287;13;1;0;0;90
0;288;8;0;0;0;100
0;289;11;0;0;0;99
0;290;11;0;0;0;105
0;291;12;0;0;0;81
0;292;13;0;0;0;84
0;293;9;0;0;0;90
0;294;5;2;0;0;114
0;295;12;1;0;0;92
0;296;5;0;0;0;89
0;297;8;0;0;0;90
0;298;8;0;0;0;94
0;299;8;1;0;0;100
0;300;10;0;0;0;81
0;301;7;0;0;0;102
0;302;10;1;0;0;87
0;303;7;2;0;0;101
0;304;8;1;0;0;98
0;305;14;1;0;0;99
0;306;6;0;0;0;90
0;307;12;0;0;0;82
0;308;7;2;0;0;81
0;309;7;0;0;0;85
0;310;9;0;0;0;71
0;311;7;0;0;0;99
0;312;11;1;0;0;96
0;313;8;0;0;0;93
0;314;5;0;0;0;95
0;315;6;1;0;0;77
0;316;5;0;0;0;89
0;317;10;0;0;0;90
0;318;10;0;0;0;81
0;319;10;0;0;0;71
0;320;2;0;0;0;91
0;321;9;0;0;0;92
0;322;13;1;0;0;82
0;323;7;0;0;0;86
0;324;10;1;0;0;93
0;325;14;0;0;0;91
0;326;8;2;1;0;94
0;327;8;0;0;0;88
0;328;8;0;0;0;82
0;329;6;0;0;0;85
0;330;9;0;0;0;101
0;331;11;0;0;0;89
0;332;15;0;0;0;85
0;333;9;0;0;0;101
0;334;7;0;0;0;87
0;335;8;0;0;0;93
0;336;5;0;0;0;85
0;337;14;1;0;0;97
0;338;10;1;0;0;86
0;339;11;1;0;0;90
0;340;10;2;0;0;91
0;341;12;0;0;0;77
0;342;9;0;0;0;76
0;343;4;0;0;0;94
0;344;7;1;0;0;103
0;345;15;0;0;0;77
0;346;9;0;0;0;96
0;347;6;0;0;0;108
0;348;8;0;0;0;92
0;349;10;0;0;0;94
0;350;7;2;0;0;96
0;351;11;0;0;0;88
0;352;11;0;0;0;100
0;353;10;0;0;0;89
0;354;10;0;0;0;97
0;355;12;0;0;0;124
0;356;9;0;0;0;93
0;357;2;0;0;0;99
0;358;9;1;0;0;89
0;359;10;0;0;0;100
1;0;0;0;0;0;97
1;1;16;0;0;0;80
1;2;9;0;0;0;106
1;3;10;0;0;0;108
1;4;15;0;0;0;114
1;5;8;0;0;0;92
1;6;12;0;0;0;80
1;7;9;0;0;0;82
1;8;10;1;0;0;94
1;9;7;0;0;0;91
1;10;8;1;0;0;74
1;11;11;1;0;0;84
1;12;11;0;0;0;89
1;13;14;1;0;0;96
1;14;8;0;0;0;105
1;15;10;0;0;0;94
1;16;7;0;0;0;86
1;17;11;0;0;0;96
1;18;15;1;0;0;92
1;19;15;0;0;0;94
1;20;15;0;0;0;101
1;21;11;0;0;0;92
1;22;8;0;0;0;88
1;23;10;0;0;0;79
1;24;8;0;0;0;87
1;25;9;1;0;0;81
1;26;4;1;0;0;99
1;27;10;0;0;0;101
1;28;9;0;0;0;104
1;29;11;2;0;0;93
1;30;4;0;0;0;92
1;31;13;2;0;0;84
1;32;12;0;0;0;95
1;33;8;0;0;0;87
1;34;8;0;0;0;96
1;35;17;0;0;0;96
1;36;5;1;0;0;81
1;37;7;1;0;0;100
1;38;9;0;0;0;76
1;39;5;0;0;0;95
1;40;8;0;0;0;91
1;41;12;0;0;0;74
1;42;7;0;0;0;92
1;43;9;0;0;0;101
1;44;11;0;0;0;103
1;45;16;1;0;0;86
1;46;10;0;0;0;91
1;47;17;0;0;0;88
1;48;8;1;0;0;99
1;49;12;1;0;0;76
1;50;10;0;0;0;110
1;51;11;0;0;0;84
1;52;13;0;0;0;92
1;53;12;0;0;0;95
1;54;12;2;0;0;91
1;55;9;1;0;0;100
1;56;9;0;0;0;87
1;57;6;0;0;0;96
1;58;12;0;0;0;91
1;59;9;0;0;0;84
1;60;10;0;0;0;84
1;61;11;0;0;0;108
1;62;9;0;0;0;95
1;63;6;0;0;0;84
1;64;9;0;0;0;95
1;65;8;0;0;0;88
1;66;9;0;0;0;93
1;67;9;0;0;0;89
1;68;12;0;0;0;94
1;69;13;0;0;0;90
1;70;9;0;0;0;86
1;71;5;0;0;0;111
1;72;12;1;0;0;91
1;73;13;0;0;0;100
1;74;6;0;0;0;88
1;75;6;1;0;0;96
1;76;15;2;0;0;114
1;77;13;0;0;0;85
1;78;8;0;0;0;100
1;79;12;0;0;0;96
1;80;8;1;0;0;75
1;81;9;0;0;0;95
1;82;4;1;0;0;83
1;83;7;0;0;0;108
1;84;16;1;0;0;93
1;85;14;0;0;0;86
1;86;11;0;0;0;96
1;87;12;0;0;0;76
1;88;6;0;0;0;94
1;89;16;0;0;0;95
1;90;7;1;0;0;86
1;91;11;0;0;0;87
1;92;9;0;0;0;85
1;93;9;0;1;0;100
1;94;12;0;0;0;85
1;95;12;0;0;0;101
1;96;9;0;0;0;89
1;97;10;0;0;0;102
1;98;14;1;0;0;78
1;99;8;0;0;0;89
1;100;5;1;0;0;107
1;101;8;0;0;0;89
1;102;7;0;0;0;92
1;103;11;0;0;0;79
1;104;4;0;0;0;100
1;105;14;1;0;0;93
1;106;10;0;0;0;91
1;107;8;0;0;0;103
1;108;6;0;0;0;84
1;109;13;0;0;0;101
1;110;8;0;0;0;86
1;111;9;1;0;0;88
1;112;9;0;0;0;84
1;113;5;0;0;0;102
1;114;9;0;1;0;90
1;115;8;0;0;0;71
1;116;8;0;0;0;85
1;117;8;1;0;0;119
1;118;17;1;0;0;102
1;119;14;0;0;0;64
1;120;11;0;0;0;82
1;121;4;1;0;0;95
1;122;7;0;0;0;89
1;123;5;0;0;0;81
1;124;6;0;0;0;86
1;125;5;0;0;0;91
1;126;6;0;0;0;95
1;127;12;2;0;0;84
1;128;11;0;0;0;88
1;129;12;1;0;0;96
1;130;15;0;0;0;90
1;131;6;0;0;0;89
1;132;11;0;0;0;98
1;133;9;0;0;0;86
1;134;9;1;0;0;105
1;135;20;1;0;0;84
1;136;7;0;0;0;75
1;137;7;0;0;0;71
1;138;8;0;0;0;101
1;139;10;0;0;0;89
1;140;7;0;0;0;88
1;141;10;0;0;0;93
1;142;8;0;0;0;98
1;143;12;2;0;0;92
1;144;14;0;0;0;82
1;145;11;0;0;0;86
1;146;7;0;0;0;93
1;147;9;0;0;0;91
1;148;8;0;0;0;104
1;149;3;0;0;0;77
1;150;12;0;0;0;91
1;151;12;0;0;0;97
1;152;11;1;0;0;117
1;153;19;0;0;0;98
1;154;15;0;0;0;93
1;155;11;0;0;0;95
1;156;10;0;0;0;96
1;157;12;0;0;0;99
1;158;10;0;0;0;76
1;159;8;0;0;0;91
1;160;8;0;0;0;95
1;161;10;0;0;0;93
1;162;9;0;0;0;86
1;163;6;1;0;0;97
1;164;8;1;0;0;82
1;165;11;1;0;0;97
1;166;8;0;0;0;83
1;167;4;0;1;0;104
1;168;21;0;0;0;95
1;169;14;0;0;0;77
1;170;7;0;0;0;77
1;171;9;0;0;0;107
1;172;15;0;0;0;105
1;173;13;0;0;0;84
1;174;10;0;0;0;91
1;175;4;0;0;0;89
1;176;5;1;0;0;100
1;177;7;0;0;0;98
1;178;16;1;0;0;90
1;179;14;1;0;0;95
1;180;16;0;0;0;92
1;181;3;1;0;0;102
1;182;17;0;0;0;97
1;183;15;0;0;0;79
1;184;11;0;0;0;79
1;185;9;0;0;0;86
1;186;8;0;0;0;98
1;187;12;1;0;0;83
1;188;11;2;0;0;105
1;189;10;1;0;0;82
1;190;11;0;0;0;79
1;191;8;0;0;0;90
1;192;6;0;0;0;85
1;193;5;0;0;0;89
1;194;9;0;0;0;97
1;195;13;0;0;0;80
1;196;8;0;0;0;87
1;197;14;1;0;0;106
1;198;14;0;0;0;97
1;199;10;0;0;0;115
1;200;15;1;0;0;99
1;201;14;0;0;0;98
1;202;7;0;0;0;92
1;203;10;0;0;0;91
1;204;8;0;0;0;91
1;205;7;1;0;0;100
1;206;6;1;0;0;80
1;207;8;1;0;0;99
1;208;11;0;0;0;89
1;209;12;2;0;0;87
1;210;9;0;0;0;85
1;211;10;0;0;0;76
1;212;10;0;0;0;87
1;213;7;0;0;0;89
1;214;4;0;0;0;82
1;215;7;0;0;0;101
1;216;7;0;0;0;81
1;217;4;0;0;0;91
1;218;13;1;0;0;85
1;219;3;0;0;0;97
1;220;7;0;0;0;98
1;221;7;0;0;0;79
1;222;11;0;0;0;93
1;223;10;0;0;0;92
1;224;10;1;0;0;90
1;225;13;0;0;0;87
1;226;12;0;0;0;91
1;227;9;0;0;0;93
1;228;9;0;0;0;100
1;229;10;1;0;0;94
1;230;9;0;0;0;73
1;231;4;0;0;0;91
1;232;5;1;0;0;93
1;233;9;0;0;0;90
1;234;8;0;0;0;105
1;235;11;0;0;0;81
1;236;11;0;0;0;106
1;237;10;1;0;0;77
1;238;13;0;0;0;91
1;239;12;0;0;0;104
1;240;13;0;0;0;106
1;241;15;0;0;0;87
1;242;11;1;0;0;96
1;243;7;1;0;0;85
1;244;1;1;0;0;94
1;245;8;0;0;0;95
1;246;6;0;0;0;97
1;247;16;0;0;0;80
1;248;10;0;0;0;92
1;249;13;0;0;0;89
1;250;6;0;0;0;98
1;251;13;1;0;0;73
1;252;11;1;0;0;90
1;253;7;0;0;0;85
1;254;5;0;0;0;92
1;255;11;0;0;0;104
1;256;14;0;0;0;80
1;257;12;1;0;0;98
1;258;10;0;0;0;88
1;259;9;0;0;0;98
1;260;6;0;0;0;113
1;261;5;1;0;0;103
1;262;7;1;0;0;104
1;263;12;1;0;0;88
1;264;15;0;0;0;83
1;265;11;0;0;0;107
1;266;15;0;0;0;99
1;267;14;0;0;0;93
1;268;15;0;0;0;94
1;269;11;0;0;0;85
1;270;6;0;0;0;87
1;271;5;0;0;0;96
1;272;12;1;0;0;94
1;273;8;0;0;0;105
1;274;13;0;0;0;90
1;275;8;0;0;0;95
1;276;15;1;0;0;86
1;277;15;0;0;0;88
1;278;17;0;0;0;83
1;279;9;0;0;0;95
1;280;9;0;0;0;93
1;281;13;0;0;0;79
1;282;9;2;0;0;102
1;283;10;0;0;0;86
1;284;10;1;0;0;84
1;285;10;0;0;0;92
1;286;13;0;0;0;104
1;287;4;1;0;0;87
1;288;8;1;0;0;102
1;289;9;2;0;0;91
1;290;9;0;0;0;99
1;291;13;0;0;0;90
1;292;4;0;0;0;97
1;293;13;0;0;0;85
1;294;15;0;0;0;122
1;295;16;1;0;0;86
1;296;11;0;0;0;77
1;297;1;0;0;0;102
1;298;11;0;0;0;78
1;299;5;0;0;0;74
1;300;6;0;0;0;95
1;301;8;0;0;0;78
1;302;7;0;0;0;88
1;303;10;1;0;0;94
1;304;8;0;0;0;104
1;305;9;3;0;0;96
1;306;12;0;0;0;86
1;307;11;1;0;0;76
1;308;9;0;0;0;92
1;309;8;1;0;0;76
1;310;7;0;0;0;89
1;311;10;0;0;0;92
1;312;8;0;0;0;93
1;313;12;0;0;0;89
1;314;8;1;0;0;85
1;315;8;0;0;0;90
1;316;9;0;0;0;91
1;317;8;0;0;0;77
1;318;10;1;0;0;75
1;319;11;0;0;0;92
1;320;8;2;0;0;98
1;321;11;0;0;0;103
1;322;13;0;0;0;87
1;323;8;0;0;0;84
1;324;14;0;0;0;105
1;325;16;0;0;0;104
1;326;12;1;0;0;101
1;327;13;0;0;0;75
1;328;10;0;0;0;104
1;329;8;0;0;0;77
1;330;8;1;0;0;89
1;331;11;0;0;0;90
1;332;12;3;0;0;94
1;333;11;1;0;0;97
1;334;9;1;0;0;89
1;335;8;0;0;0;107
1;336;20;1;0;0;93
1;337;5;0;0;0;93
1;338;5;0;0;0;67
1;339;7;1;0;0;94
1;340;12;0;0;0;90
1;341;12;0;0;0;106
1;342;13;0;0;0;87
1;343;17;0;0;0;95
1;344;10;0;0;0;84
1;345;6;1;0;0;97
1;346;12;0;0;0;98
1;347;13;0;0;0;93
1;348;11;0;0;0;90
1;349;18;0;0;0;85
1;350;6;0;0;0;87
1;351;10;0;0;0;96
1;352;12;1;1;0;101
1;353;10;0;0;0;102
1;354;15;0;0;0;96
1;355;11;1;0;0;104
1;356;9;1;0;0;80
1;357;7;0;0;0;90
1;358;6;0;0;0;97
1;359;11;0;0;0;92
2;0;0;0;0;0;99
2;1;12;1;0;0;93
2;2;12;0;0;0;94
2;3;9;2;0;0;84
2;4;11;1;0;0;89
2;5;13;0;0;0;101
2;6;16;0;0;0;80
2;7;5;2;0;0;88
2;8;12;0;0;0;83
2;9;8;0;0;0;89
2;10;6;0;0;0;87
2;11;8;0;0;0;97
2;12;13;0;0;0;107
2;13;5;0;0;0;97
2;14;12;0;0;0;98
2;15;11;0;0;0;92
2;16;11;0;0;0;91
2;17;8;1;0;0;80
2;18;2;1;0;0;101
2;19;12;0;0;0;94
2;20;5;0;0;0;77
2;21;7;1;0;0;90
2;22;11;1;1;0;96
2;23;18;1;0;0;87
2;24;8;0;0;0;109
2;25;13;0;0;0;100
2;26;13;0;0;0;81
2;27;10;0;0;0;95
2;28;11;0;0;0;93
2;29;8;0;0;0;96
2;30;11;0;0;0;90
2;31;10;1;1;0;97
2;32;11;1;0;0;82
2;33;7;0;0;0;94
2;34;8;0;0;0;96
2;35;12;1;0;0;94
2;36;9;0;0;0;80
2;37;13;0;0;0;97
2;38;15;0;0;0;97
2;39;17;1;0;0;95
2;40;4;0;0;0;92
2;41;8;0;0;0;97
2;42;7;1;0;0;83
2;43;10;0;0;0;101
2;44;12;1;0;0;90
2;45;15;0;0;0;85
2;46;14;1;0;0;95
2;47;10;0;0;0;86
2;48;12;0;0;0;101
2;49;14;1;0;0;86
2;50;10;1;0;0;90
2;51;11;1;0;0;89
2;52;12;0;0;0;87
2;53;5;0;0;0;112
2;54;8;1;0;0;83
2;55;7;0;0;0;89
2;56;10;0;0;0;89
2;57;9;0;0;0;99
2;58;7;1;0;0;77
2;59;12;0;0;0;89
2;60;9;0;0;0;86
2;61;12;1;0;0;101
2;62;11;0;0;0;97
2;63;9;0;1;0;88
2;64;9;0;0;0;92
2;65;7;0;0;0;93
2;66;5;0;0;0;85
2;67;8;1;0;0;91
2;68;9;0;0;0;96
2;69;14;0;0;0;72
2;70;9;0;0;0;86
2;71;9;0;0;0;86
2;72;13;0;0;0;82
2;73;8;1;0;0;93
2;74;6;0;0;0;103
2;75;14;1;0;0;84
2;76;15;0;0;0;104
2;77;13;0;0;0;95
2;78;10;0;0;0;89
2;79;5;0;0;0;85
2;80;8;0;0;0;113
2;81;15;0;0;0;103
2;82;14;0;0;0;84
2;83;4;1;0;0;103
2;84;10;0;0;0;99
2;85;10;0;0;0;78
2;86;10;0;0;0;112
2;87;11;0;0;0;91
2;88;11;2;0;0;83
2;89;9;1;0;0;93
2;90;13;0;0;0;87
2;91;9;0;0;0;92
2;92;13;0;0;0;81
2;93;9;0;0;0;88
2;94;8;0;0;0;102
2;95;12;0;0;0;86
2;96;14;1;0;0;84
2;97;6;1;0;0;89
2;98;6;0;0;0;89
2;99;7;0;0;0;102
2;100;9;1;0;0;89
2;101;8;0;0;0;83
2;102;9;0;0;0;82
2;103;7;0;0;0;103
2;104;17;0;0;0;111
2;105;17;1;1;0;79
2;106;10;0;0;0;81
2;107;9;0;0;0;100
2;108;10;0;0;0;90
2;109;12;0;0;0;107
2;110;11;0;1;0;87
2;111;6;1;0;0;97
2;112;10;0;0;0;96
2;113;15;0;0;0;87
2;114;10;0;0;0;102
2;115;18;1;0;0;78
2;116;8;1;0;0;102
2;117;9;0;0;0;100
2;118;17;0;0;0;112
2;119;12;1;0;0;88
2;120;10;0;0;0;101
2;121;8;0;0;0;102
2;122;9;0;0;0;105
2;123;13;0;0;0;92
2;124;10;1;0;0;87
2;125;9;1;0;0;106
2;126;11;0;0;0;79
2;127;9;1;0;0;102
2;128;10;0;0;0;88
2;129;8;0;0;0;92
2;130;13;0;0;0;82
2;131;7;1;0;0;108
2;132;11;0;0;0;92
2;133;13;0;0;0;79
2;134;9;0;0;0;90
2;135;11;1;0;0;98
2;136;9;0;0;0;105
2;137;12;1;0;0;95
2;138;9;0;0;0;93
2;139;13;0;0;0;86
2;140;13;1;0;0;96
2;141;10;0;0;0;85
2;142;9;0;0;0;83
2;143;5;0;0;0;81
2;144;7;0;0;0;76
2;145;6;1;0;0;78
2;146;8;0;0;0;103
2;147;10;0;0;0;84
2;148;8;0;0;0;89
2;149;9;0;1;0;85
2;150;5;0;0;0;78
2;151;9;0;0;0;98
2;152;8;0;0;0;103
2;153;6;1;0;0;90
2;154;16;1;0;0;89
2;155;9;0;0;0;86
2;156;4;1;0;0;96
2;157;8;0;0;0;88
2;158;13;0;0;0;93
2;159;10;0;0;0;86
2;160;10;2;0;0;78
2;161;10;0;0;0;91
2;162;9;0;0;0;72
2;163;4;2;0;0;101
2;164;12;0;0;0;88
2;165;12;0;0;0;99
2;166;15;0;0;0;79
2;167;13;1;0;0;110
2;168;20;0;0;0;90
2;169;17;0;0;0;86
2;170;13;1;0;0;96
2;171;12;0;0;0;73
2;172;10;0;0;0;94
2;173;12;0;0;0;84
2;174;9;0;0;0;105
2;175;6;0;0;0;79
2;176;7;0;0;0;83
2;177;11;0;0;0;85
2;178;12;0;0;0;103
2;179;8;0;0;0;100
2;180;14;0;0;0;88
2;181;8;0;0;0;105
2;182;13;0;0;0;84
2;183;8;0;0;0;121
2;184;12;1;0;0;76
2;185;10;1;0;0;87
2;186;14;0;0;0;97
2;187;9;0;0;0;104
2;188;12;0;0;0;99
2;189;15;1;0;0;114
2;190;16;1;0;0;82
2;191;8;0;0;0;99
2;192;11;0;0;0;88
2;193;7;0;0;0;105
2;194;11;0;0;0;90
2;195;7;1;0;0;89
2;196;10;0;0;0;82
2;197;7;1;0;0;96
2;198;7;0;0;0;80
2;199;5;0;0;0;106
2;200;12;1;0;0;98
2;201;8;0;0;0;82
2;202;12;0;0;0;90
2;203;12;0;0;0;91
2;204;3;1;0;0;89
2;205;11;0;0;0;84
2;206;11;1;0;0;86
2;207;9;1;0;0;82
2;208;11;0;0;0;79
2;209;8;0;0;0;96
2;210;15;1;0;0;86
2;211;13;0;0;0;99
2;212;9;1;0;0;88
2;213;10;0;0;0;102
2;214;12;1;0;0;84
2;215;9;1;0;0;79
2;216;9;0;0;0;104
2;217;11;1;0;0;100
2;218;13;0;0;0;81
2;219;9;0;0;0;101
2;220;14;0;0;0;77
2;221;9;1;0;0;80
2;222;10;0;0;0;100
2;223;7;0;0;0;96
2;224;16;0;1;0;99
2;225;16;0;0;0;83
2;226;11;0;0;0;78
2;227;5;1;0;0;95
2;228;15;0;0;0;86
2;229;4;0;0;0;100
2;230;11;0;0;0;89
2;231;14;0;0;0;89
2;232;7;1;1;0;89
2;233;9;0;0;0;89
2;234;10;0;0;0;105
2;235;11;0;0;0;86
2;236;12;0;0;0;70
2;237;1;0;0;0;110
2;238;11;0;0;0;101
2;239;11;0;0;0;84
2;240;12;1;0;0;103
2;241;10;0;0;0;99
2;242;7;0;0;0;106
2;243;10;0;0;0;114
2;244;8;0;0;0;88
2;245;5;0;0;0;74
2;246;8;0;0;0;89
2;247;7;0;0;0;88
2;248;11;0;0;0;100
2;249;11;0;0;0;90
2;250;11;0;0;0;96
2;251;8;0;0;0;86
2;252;10;0;0;0;92
2;253;10;0;0;0;92
2;254;10;1;0;0;105
2;255;15;0;0;0;84
2;256;12;0;0;0;103
2;257;10;0;0;0;88
2;258;11;0;0;0;87
2;259;6;0;0;0;94
2;260;16;0;0;0;103
2;261;15;0;0;0;83
2;262;9;0;0;0;89
2;263;11;1;0;0;94
2;264;17;0;0;0;79
2;265;3;0;0;0;99
2;266;11;0;0;0;87
2;267;10;0;0;0;91
2;268;11;0;0;0;89
2;269;13;0;0;0;96
2;270;10;1;0;0;70
2;271;10;0;0;0;92
2;272;18;0;0;0;75
2;273;10;0;0;0;110
2;274;11;0;0;0;92
2;275;6;0;0;0;91
2;276;5;0;0;0;95
2;277;10;0;0;0;87
2;278;8;0;0;0;96
2;279;12;0;0;0;70
2;280;9;1;0;0;108
2;281;12;0;0;0;91
2;282;12;0;0;0;100
2;283;13;0;0;0;88
2;284;6;0;1;0;93
2;285;7;0;0;0;86
2;286;9;0;0;0;93
2;287;8;0;0;0;101
2;288;17;0;0;0;86
2;289;14;0;0;0;98
2;290;8;0;0;0;100
2;291;17;0;0;0;86
2;292;14;0;0;0;83
2;293;9;0;0;0;88
2;294;10;0;0;0;96
2;295;9;0;0;0;77
2;296;10;0;0;0;100
2;297;12;0;0;0;82
2;298;8;1;0;0;82
2;299;7;3;0;0;104
2;300;7;0;0;0;96
2;301;11;0;0;0;90
2;302;10;0;0;0;83
2;303;5;0;0;0;103
2;304;8;0;0;0;96
2;305;6;1;0;0;99
2;306;15;0;0;0;79
2;307;6;0;0;0;100
2;308;10;2;0;0;105
2;309;13;0;0;0;104
2;310;15;0;0;0;99
2;311;9;0;0;0;91
2;312;5;2;0;0;83
2;313;11;0;0;0;86
2;314;8;0;0;0;98
2;315;10;1;0;0;101
2;316;14;0;0;0;96
2;317;19;0;0;0;94
2;318;5;0;0;0;85
2;319;7;0;0;0;80
2;320;9;0;0;0;95
2;321;15;0;0;0;87
2;322;10;0;0;0;111
2;323;14;0;0;0;101
2;324;9;1;0;0;85
2;325;9;0;0;0;74
2;326;11;0;0;0;100
2;327;9;0;0;0;81
2;328;5;0;0;0;94
2;329;11;1;0;0;108
2;330;9;0;0;0;86
2;331;9;0;0;0;90
2;332;12;0;0;0;90
2;333;8;0;0;0;86
2;334;9;0;0;0;107
2;335;8;0;0;0;87
2;336;10;3;0;0;82
2;337;5;1;0;0;74
2;338;7;1;0;0;93
2;339;11;0;0;0;97
2;340;13;0;0;0;82
2;341;8;0;0;0;104
2;342;11;1;0;0;83
2;343;6;0;0;0;96
2;344;11;1;0;0;91
2;345;8;0;0;0;92
2;346;16;1;0;0;83
2;347;10;0;0;0;97
2;348;8;0;0;0;73
2;349;10;1;0;0;92
2;350;11;0;0;0;96
2;351;12;0;0;0;84
2;352;1;0;0;0;93
2;353;19;1;0;0;107
2;354;10;0;0;0;86
2;355;6;0;0;0;101
2;356;8;0;0;0;93
2;357;11;0;0;0;97
2;358;8;0;0;0;89
2;359;9;0;0;0;93
3;0;0;0;0;0;85
3;1;12;1;0;0;92
3;2;5;2;0;0;102
3;3;10;0;0;0;100
3;4;5;0;0;0;87
3;5;6;0;0;0;86
3;6;9;0;0;0;86
3;7;7;0;0;0;90
3;8;13;0;0;0;98
3;9;13;0;0;0;80
3;10;9;0;0;0;77
3;11;10;0;0;0;100
3;12;6;1;0;0;72
3;13;7;0;0;0;71
3;14;6;1;0;0;93
3;15;13;0;0;0;88
3;16;14;0;0;0;99
3;17;8;2;0;0;102
3;18;11;0;0;0;100
3;19;8;0;0;0;83
3;20;11;1;0;0;96
3;21;10;0;0;0;71
3;22;5;0;0;0;85
3;23;9;0;0;0;100
3;24;7;0;0;0;91
3;25;6;1;0;0;90
3;26;7;0;0;0;88
3;27;8;0;0;0;101
3;28;8;0;0;0;80
3;29;8;0;0;0;100
3;30;10;0;0;0;92
3;31;10;0;0;0;98
3;32;7;0;0;0;93
3;33;5;0;0;0;108
3;34;11;0;0;0;67
3;35;4;0;0;0;88
3;36;8;0;0;0;96
3;37;12;0;0;0;84
3;38;8;0;0;0;85
3;39;7;0;0;0;97
3;40;10;1;0;0;91
3;41;10;0;0;0;92
3;42;10;1;0;0;96
3;43;6;0;0;0;88
3;44;11;0;0;0;80
3;45;15;0;0;0;84
3;46;12;0;0;0;90
3;47;14;0;0;0;92
3;48;11;0;0;0;99
3;49;9;0;0;0;90
3;50;6;0;0;0;89
3;51;5;0;0;0;90
3;52;7;0;0;0;104
3;53;7;0;0;0;79
3;54;15;0;0;0;104
3;55;8;0;0;0;98
3;56;8;0;0;0;85
3;57;4;0;0;0;89
3;58;7;1;0;0;99
3;59;10;0;0;0;111
3;60;12;0;0;0;106
3;61;6;1;0;0;91
3;62;6;1;0;0;87
3;63;12;0;0;0;96
3;64;8;1;0;0;82
3;65;12;0;0;0;92
3;66;11;0;0;0;101
3;67;11;0;0;0;89
3;68;7;0;0;0;77
3;69;8;1;0;0;95
3;70;12;1;0;0;86
3;71;7;0;0;0;83
3;72;8;0;0;0;101
3;73;8;0;0;0;84
3;74;15;0;0;0;101
3;75;14;0;0;0;90
3;76;10;0;0;0;86
3;77;6;0;0;0;86
3;78;12;0;0;0;112
3;79;8;0;0;0;108
3;80;14;0;0;0;90
3;81;10;0;0;0;86
3;82;11;0;0;0;103
3;83;6;0;0;0;90
3;84;10;0;0;0;110
3;85;12;0;0;0;83
3;86;12;0;0;0;89
3;87;15;0;0;0;99
3;88;17;0;0;0;109
3;89;12;1;0;0;82
3;90;6;0;0;0;90
3;91;10;0;0;0;104
3;92;13;0;0;0;94
3;93;10;1;0;0;101
3;94;17;1;0;0;99
3;95;14;1;0;0;92
3;96;3;0;0;0;97
3;97;10;0;0;0;104
3;98;13;0;0;0;78
3;99;14;0;0;0;83
3;100;9;1;0;0;106
3;101;5;0;0;0;91
3;102;10;0;0;0;85
3;103;6;0;0;0;122
3;104;11;1;0;0;99
3;105;17;0;0;0;71
3;106;6;0;0;0;110
3;107;8;0;0;0;110
3;108;6;2;0;0;82
3;109;9;0;0;0;90
3;110;9;0;0;0;100
3;111;9;1;0;0;84
3;112;6;0;0;0;103
3;113;12;0;0;0;106
3;114;8;0;0;0;95
3;115;7;0;0;0;73
3;116;8;0;0;0;88
3;117;4;0;0;0;102
3;118;10;0;0;0;100
3;119;7;0;0;0;101
3;120;11;0;0;0;101
3;121;5;0;0;0;86
3;122;9;1;0;0;117
3;123;19;1;0;0;95
3;124;6;0;0;0;91
3;125;7;0;0;0;95
3;126;8;0;0;0;93
3;127;14;1;0;0;103
3;128;5;0;0;0;91
3;129;12;0;0;0;74
3;130;9;1;0;0;110
3;131;14;0;0;0;102
3;132;9;1;0;0;84
3;133;10;0;0;0;96
3;134;12;1;0;0;81
3;135;12;0;0;0;95
3;136;5;0;0;0;92
3;137;8;0;0;0;109
3;138;10;0;0;0;89
3;139;8;0;0;0;101
3;140;5;0;0;0;80
3;141;11;1;0;0;80
3;142;8;0;0;0;86
3;143;8;1;0;0;80
3;144;13;0;0;0;92
3;145;10;0;0;0;90
3;146;9;0;0;0;119
3;147;7;1;0;0;114
3;148;13;0;0;0;82
3;149;9;0;0;0;93
3;150;5;1;0;0;124
3;151;12;0;0;0;91
3;152;16;0;0;0;93
3;153;11;0;0;0;112
3;154;8;0;0;0;79
3;155;16;0;0;0;97
3;156;16;0;0;0;91
3;157;11;0;0;0;92
3;158;8;1;0;0;87
3;159;13;0;0;0;96
3;160;16;1;0;0;92
3;161;8;0;0;0;90
3;162;6;1;0;0;98
3;163;8;0;0;0;94
3;164;11;0;0;0;89
3;165;6;0;0;0;92
3;166;16;0;0;0;90
3;167;6;1;0;0;92
3;168;9;0;0;0;83
3;169;10;0;0;0;98
3;170;11;0;0;0;87
3;171;9;0;0;0;104
3;172;13;0;0;0;105
3;173;9;1;0;0;74
3;174;10;0;0;0;98
3;175;11;0;0;0;81
3;176;4;0;0;0;94
3;177;7;0;0;0;86
3;178;7;0;0;0;105
3;179;15;0;0;0;94
3;180;9;0;0;0;117
3;181;14;0;0;0;85
3;182;11;1;0;0;102
3;183;12;2;0;0;94
3;184;15;0;0;0;90
3;185;8;1;0;0;102
3;186;15;0;0;0;95
3;187;7;0;0;0;85
3;188;7;1;0;0;80
3;189;14;1;0;0;108
3;190;10;0;0;0;89
3;191;14;0;0;0;89
3;192;8;0;0;0;76
3;193;7;0;0;0;106
3;194;14;0;0;0;92
3;195;10;0;0;0;87
3;196;8;0;0;0;86
3;197;8;0;0;0;79
3;198;9;0;0;0;97
3;199;11;0;0;0;90
3;200;14;0;0;0;94
3;201;9;0;0;0;100
3;202;6;0;0;0;81
3;203;7;1;0;0;89
3;204;18;1;0;0;95
3;205;14;0;0;0;108
3;206;13;1;0;0;89
3;207;8;0;0;0;78
3;208;11;1;0;0;96
3;209;10;0;0;0;76
3;210;7;1;0;0;93
3;211;8;1;1;0;90
3;212;7;0;0;0;89
3;213;10;0;0;0;87
3;214;10;0;0;0;88
3;215;11;0;0;0;95
3;216;15;0;0;0;96
3;217;4;0;0;0;100
3;218;12;1;0;0;89
3;219;10;0;0;0;84
3;220;11;1;0;0;105
3;221;6;0;0;0;93
3;222;7;0;0;0;101
3;223;19;0;0;0;84
3;224;10;1;0;0;91
3;225;9;0;0;0;98
3;226;12;1;0;0;93
3;227;12;0;0;0;106
3;228;6;0;0;0;87
3;229;11;0;0;0;91
3;230;14;1;0;0;112
3;231;12;0;0;0;90
3;232;10;1;0;0;91
3;233;8;0;0;0;97
3;234;14;1;0;0;106
3;235;13;2;0;0;101
3;236;11;0;0;0;91
3;237;11;1;0;0;84
3;238;5;1;0;0;108
3;239;16;1;0;0;105
3;240;5;0;0;0;83
3;241;8;0;0;0;88
3;242;8;0;0;0;83
3;243;6;0;0;0;105
3;244;11;0;0;0;91
3;245;10;0;0;0;94
3;246;10;0;0;0;85
3;247;12;0;0;0;84
3;248;11;1;0;0;98
3;249;16;0;0;0;81
3;250;12;0;0;0;102
3;251;14;0;0;0;91
3;252;13;0;0;0;89
3;253;12;0;0;0;88
3;254;8;0;0;0;96
3;255;12;0;0;0;92
3;256;13;0;0;0;96
3;257;10;0;0;0;80
3;258;10;1;0;0;83
3;259;13;0;0;0;94
3;260;11;0;0;0;70
3;261;7;0;0;0;103
3;262;3;1;0;0;82
3;263;6;1;0;0;93
3;264;7;0;0;0;79
3;265;9;0;0;0;96
3;266;13;0;0;0;92
3;267;17;0;0;0;95
3;268;13;0;0;0;86
3;269;10;2;0;0;91
3;270;11;0;0;0;87
3;271;9;0;0;0;86
3;272;10;0;0;0;89
3;273;11;0;0;0;84
3;274;8;0;0;0;81
3;275;11;0;0;0;85
3;276;11;0;0;0;89
3;277;10;0;0;0;99
3;278;8;1;0;0;81
3;279;5;0;0;0;98
3;280;18;0;0;0;102
3;281;15;0;0;0;84
3;282;9;1;0;0;87
3;283;11;0;0;0;84
3;284;6;1;0;0;82
3;285;5;0;0;0;103
3;286;12;1;0;0;78
3;287;5;0;0;0;85
3;288;8;0;0;0;103
3;289;13;0;0;0;86
3;290;10;0;0;0;106
3;291;7;0;0;0;92
3;292;9;0;0;0;100
3;293;9;1;0;0;79
3;294;9;0;0;0;98
3;295;14;0;0;0;97
3;296;12;0;0;0;100
3;297;6;1;0;0;112
3;298;11;0;0;0;90
3;299;9;0;0;0;92
3;300;11;0;0;0;114
3;301;14;0;0;0;78
3;302;11;0;0;0;93
3;303;9;0;0;0;97
3;304;11;1;0;0;92
3;305;10;0;0;0;79
3;306;9;1;0;0;93
3;307;13;1;0;0;84
3;308;5;0;0;0;87
3;309;8;0;0;0;87
3;310;10;0;0;0;99
3;311;13;0;0;0;109
3;312;15;0;0;0;81
3;313;8;0;0;0;103
3;314;10;0;0;0;97
3;315;9;0;0;0;100
3;316;17;0;0;0;91
3;317;11;0;0;0;84
3;318;10;0;0;0;88
3;319;9;0;0;0;84
3;320;11;0;0;0;87
3;321;10;0;0;0;100
3;322;11;1;0;0;87
3;323;14;0;0;0;97
3;324;9;0;0;0;73
3;325;10;0;0;0;107
3;326;16;0;0;0;91
3;327;17;0;0;0;90
3;328;13;0;0;0;92
3;329;12;2;0;0;77
3;330;11;0;0;0;116
3;331;14;0;0;0;77
3;332;8;0;0;0;100
3;333;9;0;0;0;83
3;334;8;0;0;0;78
3;335;10;0;0;0;108
3;336;15;0;0;0;89
3;337;14;1;0;0;75
3;338;11;0;0;0;109
3;339;11;0;0;0;90
3;340;5;0;0;0;112
3;341;12;0;0;0;86
3;342;6;0;0;0;82
3;343;7;0;0;0;99
3;344;9;0;0;0;78
3;345;13;0;0;0;98
3;346;8;0;0;0;100
3;347;12;0;0;0;85
3;348;9;0;0;0;94
3;349;9;0;0;0;98
3;350;12;0;0;0;86
3;351;4;0;0;0;94
3;352;8;0;0;0;93
3;353;10;2;0;0;99
3;354;8;0;0;0;104
3;355;9;0;0;0;86
3;356;11;0;0;0;87
3;357;7;0;0;0;93
3;358;10;0;0;0;87
3;359;10;2;0;0;86
4;0;0;0;0;0;101
4;1;20;0;1;0;84
4;2;12;0;0;0;97
4;3;15;0;0;0;89
4;4;7;0;0;0;94
4;5;12;1;0;0;95
4;6;10;0;0;0;80
4;7;6;1;0;0;94
4;8;11;0;0;0;95
4;9;9;1;0;0;101
4;10;17;0;0;0;83
4;11;15;0;0;0;98
4;12;13;2;0;0;100
4;13;11;0;0;0;100
4;14;11;1;0;0;93
4;15;12;0;0;0;93
4;16;11;0;0;0;81
4;17;13;1;0;0;102
4;18;17;1;0;0;82
4;19;10;0;0;0;89
4;20;12;1;0;0;97
4;21;10;0;0;0;96
4;22;8;0;1;0;94
4;23;14;0;0;0;83
4;24;5;1;0;0;83
4;25;7;0;0;0;105
4;26;12;0;0;0;101
4;27;11;0;0;0;100
4;28;9;0;0;0;87
4;29;10;0;0;0;95
4;30;9;0;0;0;82
4;31;10;0;0;0;83
4;32;9;0;0;0;92
4;33;8;1;0;0;84
4;34;14;0;0;0;109
4;35;21;0;0;0;83
4;36;6;1;0;0;92
4;37;14;0;0;0;80
4;38;9;0;0;0;91
4;39;8;0;0;0;102
4;40;13;0;0;0;92
4;41;8;1;0;0;87
4;42;11;0;0;0;88
4;43;8;0;0;0;91
4;44;8;0;0;0;91
4;45;10;1;0;0;62
4;46;6;0;0;0;108
4;47;11;0;0;0;103
4;48;13;0;0;0;73
4;49;7;0;0;0;107
4;50;10;0;0;0;98
4;51;11;0;0;0;93
4;52;12;0;0;0;86
4;53;12;1;0;0;113
4;54;10;0;0;0;91
4;55;9;0;0;0;96
4;56;8;0;0;0;98
4;57;14;0;0;0;88
4;58;14;0;0;0;89
4;59;10;0;0;0;96
4;60;15;1;0;0;99
4;61;12;0;0;0;99
4;62;14;0;0;0;98
4;63;15;1;0;0;84
4;64;18;0;0;0;101
4;65;7;0;0;0;98
4;66;11;1;0;0;77
4;67;5;0;0;0;86
4;68;7;0;0;0;84
4;69;8;1;0;0;101
4;70;11;0;0;0;78
4;71;6;0;0;0;87
4;72;8;0;0;0;92
4;73;9;0;0;0;100
4;74;8;0;0;0;96
4;75;11;0;0;0;85
4;76;11;0;0;0;86
4;77;13;0;0;0;113
4;78;11;0;0;0;101
4;79;12;0;0;0;88
4;80;9;2;0;0;102
4;81;19;1;0;0;89
4;82;7;0;0;0;89
4;83;10;0;0;0;90
4;84;7;0;0;0;93
4;85;6;1;0;0;115
4;86;7;0;0;0;91
4;87;8;1;0;0;91
4;88;14;0;0;0;97
4;89;5;2;0;0;78
4;90;13;0;0;0;81
4;91;12;0;0;0;92
4;92;11;1;0;0;92
4;93;12;0;0;0;69
4;94;8;0;0;0;89
4;95;12;1;0;0;85
4;96;12;0;0;0;103
4;97;14;0;0;0;96
4;98;11;1;0;0;86
4;99;12;0;0;0;65
4;100;9;0;0;0;98
4;101;14;0;0;0;89
4;102;9;1;0;0;99
4;103;8;0;0;0;82
4;104;11;1;0;0;91
4;105;12;0;0;0;97
4;106;12;0;0;0;80
4;107;9;0;0;0;95
4;108;9;0;0;0;83
4;109;10;1;0;0;98
4;110;10;0;0;0;96
4;111;9;0;0;0;94
4;112;7;0;0;0;81
4;113;10;1;0;0;86
4;114;9;0;0;0;95
4;115;7;1;0;0;84
4;116;8;0;0;0;84
4;117;10;0;0;0;79
4;118;9;0;0;0;93
4;119;13;0;0;0;82
4;120;10;0;0;0;91
4;121;9;1;0;0;98
4;122;8;1;0;0;81
4;123;6;1;0;0;86
4;124;8;1;0;0;108
4;125;19;0;0;0;102
4;126;7;0;0;0;71
4;127;7;0;0;0;90
4;128;8;0;0;0;96
4;129;9;0;0;0;102
4;130;11;0;0;0;88
4;131;3;1;0;0;87
4;132;8;1;0;0;92
4;133;11;0;0;0;95
4;134;10;0;0;0;93
4;135;9;1;0;0;81
4;136;9;0;0;0;100
4;137;10;1;0;0;91
4;138;5;0;0;0;90
4;139;11;0;0;0;91
4;140;11;1;0;0;75
4;141;16;0;0;0;97
4;142;16;0;0;0;83
4;143;11;1;0;0;95
4;144;10;1;0;0;97
4;145;14;0;0;0;75
4;146;12;0;0;0;88
4;147;12;0;0;0;89
4;148;9;1;0;0;97
4;149;16;1;0;0;86
4;150;9;0;0;0;102
4;151;14;0;0;0;90
4;152;10;0;0;0;79
4;153;9;1;0;0;86
4;154;9;0;0;0;107
4;155;13;0;0;0;86
4;156;10;1;0;0;98
4;157;9;0;0;0;104
4;158;19;0;0;0;95
4;159;10;0;0;0;82
4;160;10;0;0;0;99
4;161;14;0;0;0;92
4;162;11;0;0;0;80
4;163;11;1;0;0;94
4;164;14;0;0;0;85
4;165;11;0;0;0;81
4;166;14;0;0;0;88
4;167;7;0;0;0;86
4;168;8;1;0;0;91
4;169;8;0;0;0;98
4;170;11;0;0;0;94
4;171;17;0;0;0;89
4;172;13;2;0;0;92
4;173;8;0;0;0;94
4;174;12;0;0;0;96
4;175;10;1;0;0;95
4;176;11;0;0;0;82
4;177;11;0;0;0;87
4;178;8;1;0;0;108
4;179;9;0;0;0;82
4;180;15;0;0;0;103
4;181;9;0;0;0;87
4;182;13;0;0;0;87
4;183;3;0;0;0;85
4;184;9;0;0;0;103
4;185;12;1;0;0;82
4;186;12;0;0;0;88
4;187;5;0;1;0;98
4;188;10;0;0;0;96
4;189;13;0;0;0;96
4;190;7;0;0;0;83
4;191;16;0;0;0;96
4;192;8;0;0;0;89
4;193;7;0;0;0;99
4;194;10;0;0;0;94
4;195;11;1;0;0;74
4;196;7;0;0;0;97
4;197;11;1;0;0;103
4;198;6;0;0;0;90
4;199;13;0;0;0;95
4;200;8;0;0;0;99
4;201;8;0;0;0;90
4;202;11;1;0;0;83
4;203;12;0;0;0;98
4;204;12;0;0;0;90
4;205;12;0;0;0;96
4;206;11;0;0;0;90
4;207;14;0;0;0;90
4;208;8;0;0;0;96
4;209;8;0;0;0;95
4;210;11;1;0;0;102
4;211;12;0;0;0;82
4;212;6;0;0;0;113
4;213;11;0;0;0;95
4;214;10;0;1;0;71
4;215;7;1;0;0;106
4;216;14;1;0;0;91
4;217;15;0;0;0;78
4;218;10;0;0;0;91
4;219;8;0;0;0;98
4;220;10;0;0;0;98
4;221;12;1;0;0;98
4;222;8;0;0;0;90
4;223;3;0;0;0;90
4;224;4;1;0;0;96
4;225;9;0;0;0;92
4;226;11;0;0;0;91
4;227;3;0;0;0;96
4;228;13;0;0;0;83
4;229;12;1;0;0;73
4;230;9;1;0;0;101
4;231;8;0;0;0;100
4;232;6;1;0;0;81
4;233;8;0;0;0;88
4;234;6;0;0;0;88
4;235;7;0;0;0;86
4;236;14;1;0;0;93
4;237;13;0;0;0;72
4;238;7;0;0;0;100
4;239;12;0;0;0;92
4;240;11;0;0;0;84
4;241;7;0;0;0;109
4;242;13;2;0;0;87
4;243;9;1;0;0;87
4;244;13;2;0;0;91
4;245;7;0;0;0;99
4;246;8;0;0;0;118
4;247;8;0;0;0;95
4;248;15;0;0;0;93
4;249;12;1;0;0;81
4;250;9;0;0;0;86
4;251;8;0;0;0;95
4;252;11;0;0;0;99
4;253;12;0;0;0;89
4;254;12;0;0;0;96
4;255;6;0;0;0;101
4;256;9;0;0;0;106
4;257;12;0;0;0;98
4;258;8;0;0;0;91
4;259;12;0;0;0;99
4;260;8;2;0;0;101
4;261;9;1;0;0;92
4;262;7;0;0;0;83
4;263;9;1;0;0;98
4;264;14;1;0;0;77
4;265;9;0;0;0;87
4;266;9;0;1;0;76
4;267;6;1;0;0;92
4;268;11;0;0;0;93
4;269;7;0;0;0;105
4;270;13;0;0;0;89
4;271;9;0;0;0;86
4;272;8;1;0;0;78
4;273;8;0;0;0;92
4;274;10;0;0;0;98
4;275;6;0;0;0;84
4;276;7;0;0;0;109
4;277;12;1;0;0;89
4;278;12;0;0;0;86
4;279;13;0;0;0;95
4;280;6;0;0;0;99
4;281;11;1;1;0;85
4;282;11;0;0;0;93
4;283;12;0;0;0;80
4;284;7;0;1;0;91
4;285;11;0;0;0;108
4;286;21;0;0;0;84
4;287;11;1;0;0;109
4;288;8;0;0;0;84
4;289;6;1;0;0;100
4;290;8;0;0;0;91
4;291;6;0;0;0;89
4;292;10;0;0;0;95
4;293;11;0;0;0;94
4;294;6;0;0;0;75
4;295;7;0;0;0;103
4;296;13;1;0;0;101
4;297;15;0;0;0;104
4;298;12;0;0;0;101
4;299;12;0;0;0;85
4;300;11;0;0;0;92
4;301;8;1;0;0;87
4;302;11;1;0;0;88
4;303;14;0;0;0;100
4;304;12;0;0;0;81
4;305;7;0;0;0;91
4;306;12;0;0;0;76
4;307;7;0;0;0;91
4;308;8;0;0;0;92
4;309;15;1;0;0;105
4;310;13;0;0;0;107
4;311;13;0;0;0;95
4;312;11;0;0;0;104
4;313;11;0;0;0;92
4;314;14;0;0;0;88
4;315;10;2;0;0;80
4;316;13;0;0;0;89
4;317;11;0;0;0;80
4;318;8;1;1;0;106
4;319;12;0;0;0;102
4;320;13;1;0;0;91
4;321;12;0;0;0;86
4;322;9;0;0;0;83
4;323;7;0;0;0;102
4;324;5;0;0;0;83
4;325;10;1;0;0;80
4;326;5;1;0;0;85
4;327;9;0;0;0;97
4;328;8;0;0;0;96
4;329;14;0;0;0;96
4;330;3;0;0;0;99
4;331;9;0;0;0;87
4;332;10;0;0;0;102
4;333;14;0;0;0;85
4;334;4;0;0;0;113
4;335;19;0;0;0;100
4;336;13;0;0;0;102
4;337;16;0;0;0;91
4;338;7;0;0;0;84
4;339;15;0;0;0;92
4;340;12;0;0;0;103
4;341;10;0;0;0;82
4;342;10;0;0;0;100
4;343;14;1;0;0;88
4;344;8;0;0;0;79
4;345;13;1;0;0;85
4;346;12;1;0;0;84
4;347;15;0;0;0;82
4;348;8;1;0;0;75
4;349;9;0;0;0;106
4;350;9;0;0;0;102
4;351;12;0;1;0;76
4;352;11;0;0;0;117
4;353;10;0;0;0;79
4;354;7;0;0;0;110
4;355;17;1;0;0;79
4;356;7;0;0;0;93
4;357;11;0;0;0;89
4;358;4;0;0;0;84
4;359;3;1;0;0;95
5;0;0;0;0;0;101
5;1;24;1;1;0;81
5;2;11;0;0;0;101
5;3;13;0;0;0;95
5;4;14;0;0;0;92
5;5;4;0;0;0;89
5;6;11;0;1;0;91
5;7;7;0;0;0;86
5;8;6;0;0;0;87
5;9;15;0;0;0;99
5;10;10;0;0;0;99
5;11;16;0;0;0;96
5;12;15;0;0;0;89
5;13;10;0;0;0;88
5;14;11;2;0;0;88
5;15;9;0;0;0;88
5;16;12;0;0;0;88
5;17;16;1;0;0;104
5;18;12;0;0;0;72
5;19;11;1;0;0;85
5;20;7;0;0;0;93
5;21;8;0;0;0;112
5;22;13;0;0;0;98
5;23;10;1;0;0;86
5;24;17;2;0;0;95
5;25;15;0;0;0;91
5;26;7;0;0;0;92
5;27;12;0;0;0;91
5;28;7;1;0;0;100
5;29;9;0;0;0;79
5;30;12;0;0;0;107
5;31;14;0;0;0;76
5;32;5;1;0;0;107
5;33;14;0;0;0;88
5;34;9;0;0;0;104
5;35;11;0;0;0;103
5;36;7;0;0;0;96
5;37;13;0;0;0;70
5;38;6;0;0;0;104
5;39;14;0;0;0;94
5;40;7;0;0;0;102
5;41;16;1;0;0;93
5;42;15;0;0;0;91
5;43;13;0;0;0;92
5;44;14;0;0;0;98
5;45;12;1;0;0;101
5;46;10;1;0;0;100
5;47;7;0;0;0;97
5;48;7;0;0;0;104
5;49;5;0;0;0;83
5;50;6;0;0;0;91
5;51;5;1;0;0;94
5;52;13;0;0;0;93
5;53;15;0;0;0;90
5;54;9;1;1;0;90
5;55;13;0;0;0;97
5;56;8;1;0;0;95
5;57;11;1;0;0;91
5;58;10;0;0;0;100
5;59;10;1;0;0;99
5;60;8;0;0;0;90
5;61;3;0;0;0;84
5;62;9;0;0;0;103
5;63;4;0;0;0;83
5;64;6;0;0;0;102
5;65;10;0;0;0;91
5;66;5;0;0;0;97
5;67;7;1;0;0;106
5;68;10;0;0;0;93
5;69;11;0;0;0;97
5;70;13;0;0;0;101
5;71;12;0;0;0;69
5;72;6;0;0;0;105
5;73;6;0;0;0;96
5;74;6;0;0;0;89
5;75;10;0;0;0;89
5;76;9;0;0;0;77
5;77;10;0;0;0;99
5;78;15;0;0;0;92
5;79;11;1;0;0;99
5;80;9;0;0;0;87
5;81;10;0;1;0;102
5;82;7;0;0;0;89
5;83;8;0;0;0;89
5;84;9;0;0;0;85
5;85;7;0;0;0;97
5;86;8;2;0;0;99
5;87;5;0;0;0;100
5;88;8;0;0;0;101
5;89;6;1;0;0;79
5;90;9;0;0;0;85
5;91;10;0;0;0;82
5;92;6;0;0;0;99
5;93;11;1;0;0;97
5;94;9;0;0;0;102
5;95;9;1;0;0;91
5;96;9;0;0;0;106
5;97;7;0;0;0;96
5;98;8;0;0;0;92
5;99;9;0;0;0;99
5;100;11;1;0;0;93
5;101;8;0;0;0;94
5;102;8;1;0;0;100
5;103;9;1;0;0;103
5;104;14;0;0;0;84
5;105;12;0;0;0;94
5;106;12;0;0;0;82
5;107;12;1;0;0;97
5;108;7;0;0;0;92
5;109;10;0;0;0;102
5;110;13;0;0;0;87
5;111;9;0;0;0;96
5;112;14;0;0;0;89
5;113;11;0;0;0;94
5;114;13;0;0;0;91
5;115;13;0;0;0;77
5;116;11;0;0;0;89
5;117;13;0;0;0;105
5;118;14;0;0;0;87
5;119;10;2;0;0;105
5;120;16;0;0;0;91
5;121;9;1;0;0;101
5;122;10;1;0;0;104
5;123;13;0;0;0;94
5;124;14;0;0;0;107
5;125;14;0;0;0;91
5;126;11;0;0;0;98
5;127;12;0;1;0;98
5;128;8;0;0;0;97
5;129;7;0;0;0;97
5;130;12;1;1;0;92
5;131;8;0;0;0;73
5;132;3;1;0;0;82
5;133;10;1;0;0;93
5;134;5;0;0;0;90
5;135;10;1;0;0;89
5;136;9;1;0;0;87
5;137;13;1;0;0;79
5;138;10;0;0;0;98
5;139;13;0;0;0;87
5;140;8;0;0;0;101
5;141;14;1;0;0;99
5;142;12;0;0;0;90
5;143;12;1;0;0;101
5;144;11;1;0;0;79
5;145;7;1;0;0;97
5;146;9;1;0;0;84
5;147;9;0;0;0;99
5;148;15;1;0;0;88
5;149;11;1;0;0;84
5;150;10;0;0;0;103
5;151;13;0;0;0;91
5;152;7;2;0;0;98
5;153;11;0;0;0;97
5;154;9;0;0;0;92
5;155;13;0;0;0;98
5;156;11;1;0;0;104
5;157;15;0;0;0;82
5;158;11;1;0;0;88
5;159;10;0;0;0;86
5;160;13;0;0;0;81
5;161;8;0;0;0;84
5;162;11;0;0;0;100
5;163;14;0;0;0;96
5;164;12;0;0;0;99
5;165;13;0;0;0;99
5;166;12;0;0;0;92
5;167;15;0;0;0;94
5;168;14;0;0;0;100
5;169;11;0;0;0;67
5;170;7;0;0;0;87
5;171;10;0;0;0;105
5;172;15;0;0;0;103
5;173;12;1;1;0;96
5;174;17;0;0;0;102
5;175;10;0;0;0;93
5;176;10;1;0;0;96
5;177;14;0;0;0;76
5;178;10;0;0;0;85
5;179;13;0;0;0;83
5;180;11;0;0;0;81
5;181;13;0;0;0;92
5;182;11;0;0;0;101
5;183;10;0;0;0;106
5;184;6;0;0;0;83
5;185;9;0;0;0;106
5;186;9;0;0;0;83
5;187;5;0;0;0;90
5;188;15;0;0;0;89
5;189;13;0;0;0;94
5;190;13;0;0;0;76
5;191;11;0;0;0;89
5;192;7;0;0;0;96
5;193;9;0;0;0;86
5;194;5;0;0;0;95
5;195;13;0;0;0;91
5;196;12;0;0;0;98
5;197;11;0;0;0;99
5;198;10;2;0;0;77
5;199;10;1;0;0;83
5;200;10;1;0;0;98
5;201;11;0;0;0;92
5;202;13;0;0;0;108
5;203;11;0;0;0;89
5;204;7;0;0;0;88
5;205;14;0;0;0;88
5;206;6;0;0;0;95
5;207;10;0;0;0;95
5;208;14;2;0;0;74
5;209;5;0;0;0;89
5;210;7;0;0;0;80
5;211;9;0;0;0;101
5;212;9;0;0;0;91
5;213;14;1;0;0;83
5;214;10;1;0;0;90
5;215;5;1;0;0;91
5;216;9;1;0;0;92
5;217;15;0;0;0;89
5;218;7;0;0;0;91
5;219;8;1;0;0;96
5;220;8;0;0;0;109
5;221;13;0;0;0;77
5;222;10;0;0;0;95
5;223;14;0;0;0;90
5;224;13;0;0;0;95
5;225;16;0;0;0;89
5;226;6;0;0;0;98
5;227;11;1;0;0;103
5;228;11;0;0;0;86
5;229;9;0;0;0;89
5;230;5;0;0;0;85
5;231;13;0;0;0;79
5;232;10;1;0;0;96
5;233;6;1;0;0;85
5;234;8;0;0;0;120
5;235;11;1;0;0;111
5;236;11;1;0;0;96
5;237;13;1;0;0;86
5;238;16;0;0;0;102
5;239;16;0;0;0;92
5;240;7;0;0;0;78
5;241;6;0;0;0;83
5;242;7;1;0;0;89
5;243;12;0;0;0;94
5;244;7;1;0;0;97
5;245;8;0;0;0;82
5;246;6;0;0;0;96
5;247;9;0;0;0;89
5;248;9;1;0;0;98
5;249;9;0;0;0;82
5;250;7;0;0;0;100
5;251;14;0;0;0;92
5;252;6;0;0;0;110
5;253;12;0;0;0;114
5;254;6;0;0;0;106
5;255;10;0;0;0;89
5;256;13;1;0;0;91
5;257;17;0;0;0;89
5;258;9;0;0;0;82
5;259;8;0;0;0;103
5;260;11;0;0;0;95
5;261;8;0;0;0;82
5;262;9;1;0;0;91
5;263;6;0;0;0;92
5;264;12;0;0;0;82
5;265;15;0;0;0;88
5;266;15;1;0;0;78
5;267;9;0;0;0;95
5;268;11;0;0;0;87
5;269;11;0;0;0;117
5;270;8;0;0;0;91
5;271;4;0;0;0;75
5;272;7;0;0;0;87
5;273;9;2;0;0;112
5;274;12;0;0;0;84
5;275;7;0;0;0;82
5;276;9;0;0;0;85
5;277;13;0;0;0;84
5;278;10;0;0;0;92
5;279;12;0;0;0;101
5;280;10;0;0;0;95
5;281;11;0;0;0;100
5;282;11;1;0;0;75
5;283;15;0;0;0;95
5;284;16;0;0;0;92
5;285;10;0;0;0;91
5;286;9;0;0;0;85
5;287;11;0;0;0;87
5;288;11;0;0;0;88
5;289;7;0;0;0;97
5;290;11;0;0;0;99
5;291;13;1;0;0;92
5;292;9;0;0;0;103
5;293;12;0;0;0;90
5;294;10;0;0;0;73
5;295;6;0;0;0;94
5;296;9;0;0;0;97
5;297;13;0;0;0;91
5;298;15;0;0;0;76
5;299;9;0;0;0;110
5;300;8;1;0;0;97
5;301;12;0;1;0;84
5;302;10;0;0;0;108
5;303;12;0;0;0;85
5;304;8;0;0;0;95
5;305;13;0;0;0;117
5;306;20;0;0;0;89
5;307;10;1;0;0;82
5;308;11;0;0;0;90
5;309;9;0;0;0;86
5;310;11;0;0;0;88
5;311;8;1;0;0;83
5;312;13;0;0;0;88
5;313;9;2;0;0;106
5;314;13;1;0;0;88
5;315;5;0;0;0;86
5;316;9;1;0;0;91
5;317;11;0;0;0;83
5;318;9;0;0;0;114
5;319;15;1;1;0;83
5;320;10;0;0;0;95
5;321;15;1;1;0;95
5;322;4;0;0;0;86
5;323;7;0;0;0;101
5;324;13;0;0;0;85
5;325;9;0;0;0;97
5;326;10;0;0;0;107
5;327;11;1;0;0;104
5;328;6;1;0;0;87
5;329;19;0;0;0;87
5;330;12;0;0;0;88
5;331;10;0;0;0;110
5;332;13;0;0;0;80
5;333;13;1;0;0;104
5;334;16;0;0;0;97
5;335;9;0;0;0;98
5;336;5;0;0;0;85
5;337;8;0;0;0;91
5;338;8;0;0;0;99
5;339;15;0;0;0;85
5;340;6;0;0;0;104
5;341;10;0;0;0;98
5;342;12;0;0;0;88
5;343;9;0;0;0;110
5;344;11;0;0;0;72
5;345;7;0;0;0;95
5;346;11;0;0;0;96
5;347;7;0;0;0;112
5;348;14;0;0;0;97
5;349;10;0;0;0;89
5;350;5;1;0;0;100
5;351;11;0;0;0;103
5;352;16;0;0;0;83
5;353;11;0;0;0;93
5;354;13;0;0;0;92
5;355;10;0;0;0;107
5;356;10;1;0;0;74
5;357;8;0;0;0;89
5;358;12;0;0;0;96
5;359;15;0;0;0;89
6;0;0;0;0;0;95
6;1;15;1;0;0;69
6;2;9;0;0;0;89
6;3;12;0;0;0;104
6;4;9;0;0;0;82
6;5;12;0;0;0;103
6;6;10;0;0;0;87
6;7;10;2;0;0;92
6;8;7;0;0;0;102
6;9;8;0;0;0;87
6;10;8;1;0;0;97
6;11;15;0;0;0;99
6;12;12;0;0;0;92
6;13;7;0;0;0;97
6;14;12;0;0;0;99
6;15;8;2;0;0;89
6;16;9;0;0;0;92
6;17;11;0;0;0;100
6;18;14;0;0;0;92
6;19;9;0;0;0;84
6;20;5;0;0;0;89
6;21;10;0;0;0;90
6;22;6;0;0;0;87
6;23;16;0;0;0;86
6;24;16;0;0;0;86
6;25;9;0;0;0;97
6;26;9;0;0;0;106
6;27;7;1;0;0;93
6;28;13;1;0;0;84
6;29;12;1;0;0;105
6;30;7;0;0;0;78
6;31;7;0;0;0;87
6;32;11;1;0;0;84
6;33;10;0;0;0;93
6;34;7;0;0;0;105
6;35;11;0;0;0;88
6;36;13;0;0;0;91
6;37;15;0;0;0;96
6;38;7;0;0;0;101
6;39;8;0;0;0;105
6;40;8;1;0;0;86
6;41;9;0;0;0;94
6;42;5;1;0;0;93
6;43;8;1;0;0;91
6;44;10;0;0;0;90
6;45;13;0;0;0;81
6;46;13;0;0;0;87
6;47;5;0;0;0;102
6;48;11;2;0;0;91
6;49;10;0;0;0;108
6;50;11;1;0;0;84
6;51;12;1;0;0;88
6;52;7;0;0;0;82
6;53;5;0;0;0;100
6;54;7;0;0;0;75
6;55;4;0;1;0;93
6;56;9;1;0;0;111
6;57;11;0;0;0;96
6;58;9;0;0;0;91
6;59;11;0;0;0;105
6;60;15;0;1;0;99
6;61;18;0;0;0;98
6;62;11;0;0;0;90
6;63;11;0;1;0;87
6;64;8;0;0;0;99
6;65;11;1;0;0;93
6;66;14;0;0;0;82
6;67;8;0;0;0;81
6;68;6;2;0;0;93
6;69;11;0;0;0;92
6;70;11;0;0;0;116
6;71;13;0;0;0;87
6;72;8;0;0;0;98
6;73;13;0;0;0;105
6;74;12;1;0;0;86
6;75;6;1;0;0;94
6;76;14;0;0;0;94
6;77;15;0;0;0;76
6;78;8;1;0;0;91
6;79;8;0;1;0;95
6;80;3;0;0;0;87
6;81;8;0;0;0;102
6;82;17;0;0;0;99
6;83;12;0;0;0;86
6;84;13;0;0;0;83
6;85;14;0;0;0;81
6;86;7;0;0;0;93
6;87;12;0;0;0;101
6;88;11;1;0;0;104
6;89;15;2;0;0;73
6;90;7;0;0;0;81
6;91;11;1;0;0;99
6;92;8;2;0;0;88
6;93;9;0;0;0;78
6;94;6;0;0;0;101
6;95;6;0;0;0;108
6;96;5;0;0;0;95
6;97;8;0;0;0;79
6;98;9;0;0;0;98
6;99;12;0;0;0;94
6;100;10;1;0;0;100
6;101;10;0;0;0;89
6;102;10;0;0;0;77
6;103;12;0;0;0;90
6;104;11;0;0;0;106
6;105;13;1;0;0;95
6;106;12;0;0;0;84
6;107;14;1;0;0;84
6;108;9;1;0;0;89
6;109;8;0;0;0;76
6;110;7;0;1;0;116
6;111;10;0;0;0;89
6;112;12;1;0;0;96
6;113;15;1;0;0;91
6;114;13;0;0;0;82
6;115;14;0;0;0;81
6;116;6;1;0;0;102
6;117;9;1;0;0;102
6;118;9;0;0;0;89
6;119;8;0;0;0;91
6;120;7;0;0;0;96
6;121;4;0;0;0;90
6;122;8;0;0;0;105
6;123;12;1;0;0;97
6;124;6;0;0;0;95
6;125;8;2;0;0;91
6;126;11;0;0;0;89
6;127;7;1;0;0;83
6;128;10;0;0;0;92
6;129;9;1;0;0;92
6;130;10;1;0;0;87
6;131;8;0;0;0;87
6;132;12;1;0;0;96
6;133;6;0;0;0;101
6;134;11;0;0;0;97
6;135;17;1;0;0;94
6;136;18;1;0;0;85
6;137;6;1;0;0;102
6;138;11;1;0;0;99
6;139;9;0;0;0;87
6;140;15;0;0;0;105
6;141;11;1;0;0;83
6;142;5;0;0;0;92
6;143;11;1;0;0;86
6;144;13;0;0;0;97
6;145;11;0;0;0;82
6;146;9;0;0;0;87
6;147;11;0;0;0;95
6;148;10;1;0;0;86
6;149;5;0;0;0;90
6;150;11;0;0;0;85
6;151;8;0;0;0;85
6;152;9;1;0;0;78
6;153;6;0;0;0;93
6;154;10;0;0;0;93
6;155;11;0;0;0;90
6;156;9;0;0;0;103
6;157;17;0;0;0;82
6;158;11;1;0;0;83
6;159;10;0;0;0;94
6;160;11;0;0;0;89
6;161;6;0;0;0;88
6;162;13;0;0;0;96
6;163;9;1;0;0;88
6;164;12;0;0;0;96
6;165;6;0;0;0;71
6;166;11;0;0;0;95
6;167;12;0;0;0;88
6;168;11;0;0;0;102
6;169;6;1;0;0;96
6;170;6;0;0;0;108
6;171;16;0;0;0;89
6;172;10;0;0;0;91
6;173;13;0;0;0;92
6;174;8;0;0;0;92
6;175;12;1;0;0;80
6;176;9;0;0;0;88
6;177;5;0;0;0;94
6;178;7;0;0;0;93
6;179;11;0;0;0;86
6;180;7;1;0;0;108
6;181;11;0;0;0;94
6;182;7;0;0;0;74
6;183;4;0;0;0;88
6;184;4;0;0;0;83
6;185;9;1;0;0;79
6;186;7;0;0;0;87
6;187;7;1;0;0;86
6;188;9;1;0;0;93
6;189;9;0;0;0;87
6;190;9;0;0;0;98
6;191;6;1;0;0;98
6;192;10;0;0;0;103
6;193;8;1;0;0;89
6;194;11;0;0;0;92
6;195;15;0;0;0;100
6;196;12;0;0;0;90
6;197;14;0;0;0;98
6;198;5;0;0;0;90
6;199;10;0;0;0;87
6;200;8;0;0;0;94
6;201;11;1;0;0;105
6;202;12;0;0;0;87
6;203;7;0;0;0;119
6;204;16;1;0;0;94
6;205;12;0;0;0;91
6;206;11;0;0;0;100
6;207;8;0;0;0;88
6;208;13;0;0;0;78
6;209;11;0;0;0;113
6;210;12;0;0;0;94
6;211;10;1;0;0;103
6;212;16;0;0;0;93
6;213;12;1;0;0;110
6;214;14;0;0;0;88
6;215;12;0;0;0;110
6;216;19;2;0;0;94
6;217;9;0;0;0;81
6;218;9;0;0;0;101
6;219;12;0;1;0;85
6;220;7;1;0;0;99
6;221;9;0;0;0;91
6;222;10;0;0;0;97
6;223;12;0;0;0;78
6;224;13;0;0;0;89
6;225;6;1;0;0;99
6;226;14;0;0;0;93
6;227;16;0;0;0;88
6;228;3;0;0;0;104
6;229;6;1;0;0;73
6;230;5;0;0;0;94
6;231;5;0;0;0;88
6;232;5;0;0;0;91
6;233;13;1;0;0;84
6;234;7;1;0;0;93
6;235;8;0;0;0;98
6;236;12;0;0;0;87
6;237;12;0;0;0;109
6;238;15;1;0;0;82
6;239;10;1;0;0;84
6;240;7;0;0;0;90
6;241;7;0;0;0;101
6;242;19;0;0;0;104
6;243;8;0;0;0;89
6;244;8;0;0;0;91
6;245;7;0;0;0;94
6;246;8;0;0;0;103
6;247;13;0;0;0;87
6;248;12;0;0;0;96
6;249;15;0;0;0;79
6;250;13;0;0;0;94
6;251;10;0;0;0;100
6;252;9;0;0;0;100
6;253;13;0;0;0;81
6;254;11;0;0;0;115
6;255;12;0;0;0;85
6;256;9;1;0;0;92
6;257;6;0;0;0;94
6;258;9;0;0;0;74
6;259;8;0;0;0;80
6;260;9;1;0;0;104
6;261;20;0;0;0;111
6;262;15;0;0;0;97
6;263;11;0;0;0;92
6;264;6;0;0;0;90
6;265;15;0;0;0;102
6;266;16;1;0;0;87
6;267;10;0;0;0;88
6;268;3;1;0;0;96
6;269;12;0;0;0;94
6;270;2;1;0;0;94
6;271;7;1;0;0;104
6;272;13;0;0;0;82
6;273;6;0;0;0;89
6;274;11;0;0;0;94
6;275;11;0;0;0;83
6;276;11;0;1;0;101
6;277;9;0;0;0;107
6;278;11;0;0;0;89
6;279;8;1;0;0;96
6;280;12;0;0;0;93
6;281;11;0;0;0;112
6;282;10;0;0;0;73
6;283;5;1;0;0;99
6;284;13;0;0;0;108
6;285;15;0;0;0;102
6;286;8;2;0;0;90
6;287;5;0;0;0;81
6;288;6;0;0;0;80
6;289;9;0;0;0;92
6;290;15;0;0;0;96
6;291;15;0;0;0;77
6;292;5;1;0;0;101
6;293;10;0;0;0;88
6;294;14;0;0;0;106
6;295;10;0;0;0;94
6;296;15;0;0;0;88
6;297;10;0;0;0;88
6;298;4;0;0;0;97
6;299;8;0;0;0;86
6;300;8;0;0;0;123
6;301;8;1;0;0;80
6;302;9;1;0;0;101
6;303;9;1;0;0;92
6;304;14;0;0;0;78
6;305;2;1;0;0;84
6;306;8;0;0;0;84
6;307;10;0;0;0;101
6;308;14;1;0;0;79
6;309;10;0;0;0;79
6;310;5;1;0;0;85
6;311;3;0;0;0;99
6;312;6;0;0;0;82
6;313;11;1;0;0;94
6;314;10;0;0;0;91
6;315;13;0;0;0;106
6;316;10;0;0;0;91
6;317;11;0;0;0;90
6;318;7;0;0;0;93
6;319;12;1;0;0;91
6;320;11;1;0;0;93
6;321;11;2;0;0;90
6;322;7;1;0;0;75
6;323;6;0;0;0;97
6;324;16;0;0;0;90
6;325;12;2;0;0;108
6;326;12;0;0;0;78
6;327;8;1;0;0;84
6;328;9;1;0;0;93
6;329;10;0;0;0;101
6;330;5;1;1;0;80
6;331;12;0;0;0;103
6;332;12;1;0;0;81
6;333;10;0;0;0;87
6;334;9;0;0;0;89
6;335;11;0;0;0;99
6;336;15;1;0;0;77
6;337;10;0;0;0;90
6;338;7;0;0;0;94
6;339;9;1;0;0;85
6;340;10;1;0;0;95
6;341;15;0;0;0;85
6;342;12;0;0;0;96
6;343;16;0;0;0;101
6;344;10;0;0;0;100
6;345;6;0;0;0;94
6;346;7;0;0;0;107
6;347;14;0;0;0;96
6;348;6;0;0;0;96
6;349;7;1;0;0;96
6;350;7;0;0;0;86
6;351;7;0;0;0;94
6;352;5;0;0;0;90
6;353;6;1;0;0;99
6;354;8;0;0;0;91
6;355;14;0;0;0;74
6;356;11;0;0;0;81
6;357;5;0;0;0;85
6;358;8;0;0;0;92
6;359;8;1;0;0;96
7;0;0;0;0;0;84
7;1;22;0;0;0;90
7;2;13;0;0;0;81
7;3;8;0;0;0;89
7;4;8;0;0;0;88
7;5;10;0;0;0;92
7;6;6;0;0;0;91
7;7;7;0;0;0;109
7;8;19;0;0;0;91
7;9;13;0;0;0;93
7;10;8;0;0;0;95
7;11;11;0;0;0;104
7;12;10;0;0;0;95
7;13;21;0;0;0;97
7;14;9;0;0;0;94
7;15;9;0;0;0;81
7;16;16;0;0;0;83
7;17;7;0;0;0;98
7;18;9;1;0;0;102
7;19;19;0;0;0;98
7;20;8;0;0;0;88
7;21;11;1;0;0;84
7;22;9;0;0;0;99
7;23;12;0;0;0;92
7;24;22;0;0;0;82
7;25;9;0;0;0;91
7;26;6;0;0;0;81
7;27;5;0;0;0;101
7;28;6;0;0;0;84
7;29;13;0;0;0;70
7;30;4;1;0;0;96
7;31;9;1;0;0;114
7;32;10;0;0;0;89
7;33;11;0;1;0;96
7;34;9;1;0;0;78
7;35;8;0;0;0;99
7;36;12;0;0;0;86
7;37;13;1;0;0;91
7;38;8;0;0;0;97
7;39;10;0;0;0;91
7;40;10;0;0;0;91
7;41;5;2;0;0;81
7;42;10;0;0;0;88
7;43;16;0;1;0;99
7;44;10;0;0;0;86
7;45;7;0;0;0;86
7;46;13;0;0;0;93
7;47;10;0;0;0;87
7;48;6;0;0;0;98
7;49;10;1;0;0;88
7;50;10;0;0;0;82
7;51;11;0;0;0;93
7;52;14;0;0;0;81
7;53;5;0;0;0;95
7;54;13;0;0;0;92
7;55;11;0;0;0;79
7;56;6;0;0;0;88
7;57;5;0;0;0;94
7;58;8;0;0;0;87
7;59;7;0;0;0;101
7;60;15;0;0;0;73
7;61;10;0;0;0;92
7;62;3;1;0;0;69
7;63;8;0;0;0;89
7;64;12;0;0;0;102
7;65;9;0;0;0;106
7;66;12;0;0;0;88
7;67;12;0;0;0;86
7;68;9;0;0;0;93
7;69;14;0;0;0;90
7;70;11;0;0;0;111
7;71;11;0;0;0;91
7;72;7;0;0;0;82
7;73;10;1;0;0;74
7;74;7;0;0;0;90
7;75;9;0;0;0;87
7;76;6;0;0;0;103
7;77;9;0;0;0;81
7;78;11;1;0;0;98
7;79;12;0;0;0;87
7;80;10;1;0;0;93
7;81;12;3;0;0;79
7;82;11;1;0;0;85
7;83;7;1;0;0;92
7;84;6;1;0;0;68
7;85;7;0;0;0;104
7;86;13;0;0;0;83
7;87;12;1;0;0;82
7;88;10;1;0;0;93
7;89;13;0;0;0;102
7;90;14;1;0;0;84
7;91;9;0;0;0;87
7;92;4;0;0;0;91
7;93;10;0;0;0;94
7;94;6;0;0;0;85
7;95;9;0;0;0;100
7;96;6;0;0;0;90
7;97;4;0;1;0;93
7;98;13;0;0;0;90
7;99;10;0;0;0;78
7;100;9;0;0;0;84
7;101;10;0;0;0;72
7;102;9;0;0;0;97
7;103;11;1;0;0;97
7;104;9;0;0;0;75
7;105;6;0;0;0;94
7;106;13;0;0;0;83
7;107;9;0;0;0;96
7;108;7;0;0;0;90
7;109;15;0;0;0;104
7;110;8;0;0;0;86
7;111;5;0;0;0;98
7;112;11;1;0;0;97
7;113;11;0;0;0;102
7;114;13;0;0;0;82
7;115;8;0;0;0;79
7;116;15;0;0;0;91
7;117;13;0;0;0;106
7;118;14;1;0;0;81
7;119;14;0;0;0;94
7;120;13;0;0;0;95
7;121;8;0;0;0;90
7;122;5;2;0;0;96
7;123;8;2;0;0;97
7;124;12;0;0;0;90
7;125;10;0;0;0;109
7;126;9;1;0;0;90
7;127;12;0;0;0;87
7;128;11;0;0;0;86
7;129;8;0;0;0;82
7;130;9;0;0;0;96
7;131;15;0;0;0;80
7;132;7;1;0;0;91
7;133;8;0;1;0;94
7;134;10;0;1;0;89
7;135;14;0;0;0;97
7;136;9;0;0;0;98
7;137;12;0;0;0;95
7;138;6;0;0;0;102
7;139;7;0;1;0;81
7;140;12;0;0;0;95
7;141;6;0;0;0;93
7;142;13;0;0;0;94
7;143;7;0;0;0;106
7;144;9;0;0;0;96
7;145;10;1;0;0;91
7;146;14;1;0;0;81
7;147;11;0;0;0;92
7;148;6;1;0;0;86
7;149;7;1;0;0;74
7;150;4;0;0;0;92
7;151;9;0;0;0;91
7;152;19;0;0;0;90
7;153;11;1;0;0;102
7;154;9;0;0;0;96
7;155;4;0;0;0;76
7;156;10;0;0;0;112
7;157;16;0;0;0;91
7;158;11;1;0;0;94
7;159;14;0;0;0;92
7;160;12;0;0;0;81
7;161;7;0;0;0;100
7;162;7;1;0;0;99
7;163;12;0;0;0;96
7;164;8;0;0;0;86
7;165;7;0;0;0;110
7;166;10;0;0;0;121
7;167;14;0;0;0;104
7;168;12;0;0;0;95
7;169;10;0;0;0;79
7;170;6;0;0;0;84
7;171;11;0;0;0;84
7;172;10;2;0;0;114
7;173;9;1;0;0;72
7;174;10;0;0;0;95
7;175;11;0;0;0;89
7;176;10;0;0;0;91
7;177;8;0;0;0;94
7;178;11;1;0;0;100
7;179;11;1;0;0;77
7;180;5;1;0;0;86
7;181;10;0;0;0;81
7;182;8;0;0;0;104
7;183;15;0;0;0;87
7;184;11;1;0;0;111
7;185;10;0;0;0;84
7;186;9;0;0;0;81
7;187;11;0;0;0;95
7;188;7;0;0;0;88
7;189;13;0;0;0;95
7;190;11;0;0;0;83
7;191;8;0;0;0;94
7;192;11;0;0;0;107
7;193;6;0;0;0;107
7;194;10;0;0;0;91
7;195;14;0;0;0;98
7;196;7;1;0;0;89
7;197;12;1;0;0;86
7;198;9;1;0;0;101
7;199;8;0;0;0;102
7;200;5;0;0;0;85
7;201;13;0;0;0;99
7;202;9;1;0;0;103
7;203;13;0;0;0;99
7;204;8;1;0;0;104
7;205;10;0;0;0;81
7;206;6;1;0;0;101
7;207;17;0;0;0;105
7;208;11;0;0;0;96
7;209;15;0;0;0;88
7;210;18;0;0;0;98
7;211;9;0;0;0;97
7;212;16;0;0;0;86
7;213;7;0;0;0;79
7;214;7;0;0;0;104
7;215;9;1;0;0;109
7;216;13;0;0;0;99
7;217;5;1;0;0;103
7;218;10;1;0;0;86
7;219;10;0;0;0;115
7;220;15;1;0;0;100
7;221;15;0;0;0;100
7;222;14;0;0;0;101
7;223;14;0;0;0;92
7;224;16;1;0;0;101
7;225;8;1;0;0;99
7;226;8;0;0;0;92
7;227;6;0;0;0;94
7;228;13;1;0;0;82
7;229;14;0;0;0;93
7;230;13;0;0;0;94
7;231;7;0;0;0;90
7;232;17;1;0;0;96
7;233;17;1;0;0;88
7;234;7;1;0;0;112
7;235;15;0;0;0;72
7;236;6;0;0;0;91
7;237;9;2;0;0;96
7;238;9;0;0;0;94
7;239;3;0;1;0;99
7;240;10;0;0;0;80
7;241;7;0;0;0;112
7;242;10;0;0;0;91
7;243;10;0;0;0;100
7;244;12;0;0;0;87
7;245;12;0;0;0;92
7;246;11;0;0;0;94
7;247;8;0;0;0;94
7;248;7;0;0;0;85
7;249;10;0;0;0;109
7;250;7;0;0;0;84
7;251;5;0;0;0;94
7;252;5;0;0;0;72
7;253;8;0;0;0;112
7;254;15;0;0;0;107
7;255;13;0;0;0;73
7;256;11;0;0;0;69
7;257;13;0;0;0;100
7;258;12;0;0;0;109
7;259;14;0;0;0;93
7;260;9;0;0;0;77
7;261;2;0;0;0;105
7;262;11;0;0;0;98
7;263;4;0;0;0;94
7;264;17;0;0;0;86
7;265;17;0;0;0;92
7;266;8;0;0;0;75
7;267;2;0;0;0;115
7;268;14;1;0;0;94
7;269;6;0;0;0;101
7;270;8;0;0;0;108
7;271;15;0;0;0;94
7;272;16;0;0;0;79
7;273;11;0;0;0;99
7;274;10;0;0;0;81
7;275;7;0;0;0;100
7;276;11;3;0;0;103
7;277;15;0;0;0;86
7;278;8;0;0;0;106
7;279;9;0;0;0;95
7;280;7;0;0;0;84
7;281;9;1;0;0;82
7;282;10;0;0;0;90
7;283;11;0;0;0;85
7;284;7;0;0;0;105
7;285;9;0;0;0;84
7;286;3;0;0;0;81
7;287;8;0;0;0;90
7;288;11;0;0;0;86
7;289;7;0;0;0;110
7;290;13;0;0;0;77
7;291;15;0;0;0;100
7;292;8;0;0;0;87
7;293;5;1;0;0;75
7;294;5;1;0;0;96
7;295;5;0;0;0;85
7;296;10;0;0;0;104
7;297;7;0;0;0;90
7;298;10;0;0;0;97
7;299;8;0;0;0;89
7;300;11;0;0;0;83
7;301;7;0;0;0;78
7;302;5;0;0;0;106
7;303;17;0;0;0;88
7;304;12;0;0;0;90
7;305;17;0;0;0;75
7;306;11;0;0;0;114
7;307;11;0;0;0;93
7;308;13;0;0;0;83
7;309;14;0;0;0;97
7;310;16;0;0;0;96
7;311;9;0;0;0;74
7;312;7;0;0;0;93
7;313;13;0;0;0;78
7;314;11;0;0;0;83
7;315;10;0;0;0;88
7;316;12;0;0;0;89
7;317;2;0;0;0;75
7;318;8;0;0;0;105
7;319;14;0;0;0;77
7;320;11;0;0;0;97
7;321;13;0;0;0;96
7;322;15;0;0;0;103
7;323;10;0;0;0;92
7;324;8;0;0;0;88
7;325;11;0;0;0;96
7;326;10;0;0;0;101
7;327;9;1;0;0;108
7;328;13;1;0;0;74
7;329;6;0;0;0;98
7;330;11;1;0;0;86
7;331;11;1;0;0;85
7;332;3;0;0;0;98
7;333;13;2;0;0;97
7;334;14;0;0;0;98
7;335;10;0;0;0;86
7;336;8;0;0;0;78
7;337;10;0;0;0;95
7;338;7;0;0;0;95
7;339;12;0;0;0;100
7;340;7;0;0;0;96
7;341;10;0;0;0;107
7;342;16;0;0;0;83
7;343;10;0;0;0;81
7;344;8;0;0;0;94
7;345;10;1;0;0;107
7;346;10;0;0;0;88
7;347;5;0;0;0;93
7;348;10;2;0;0;86
7;349;12;0;0;0;94
7;350;12;0;0;0;88
7;351;9;1;0;0;86
7;352;10;0;0;0;103
7;353;10;0;0;0;78
7;354;11;1;0;0;84
7;355;6;0;0;0;96
7;356;5;0;0;0;78
7;357;7;0;0;0;104
7;358;13;0;0;0;89
7;359;11;0;0;0;66
8;0;0;0;0;0;96
8;1;18;0;0;0;85
8;2;12;1;0;0;89
8;3;9;0;0;0;90
8;4;16;0;0;0;89
8;5;13;1;0;0;90
8;6;8;0;0;0;106
8;7;9;0;0;0;85
8;8;5;1;0;0;88
8;9;7;0;0;0;88
8;10;6;0;0;0;99
8;11;12;0;0;0;84
8;12;9;1;0;0;84
8;13;12;1;0;0;101
8;14;16;0;0;0;106
8;15;8;0;0;0;95
8;16;13;0;0;0;91
8;17;17;0;0;0;96
8;18;8;0;0;0;86
8;19;7;0;0;0;92
8;20;13;2;0;0;109
8;21;16;0;0;0;88
8;22;11;0;0;0;92
8;23;19;0;0;0;90
8;24;12;1;0;0;79
8;25;15;0;0;0;87
8;26;10;0;1;0;104
8;27;12;0;0;0;81
8;28;10;0;1;0;96
8;29;15;0;0;0;96
8;30;13;0;0;0;102
8;31;9;0;0;0;72
8;32;11;1;0;0;92
8;33;9;0;0;0;95
8;34;10;0;0;0;105
8;35;10;0;0;0;95
8;36;9;0;0;0;105
8;37;18;0;0;0;99
8;38;12;0;0;0;92
8;39;12;0;0;0;87
8;40;9;0;0;0;119
8;41;12;1;0;0;83
8;42;12;0;0;0;98
8;43;11;0;0;0;98
8;44;4;0;0;0;89
8;45;6;0;0;0;95
8;46;7;1;0;0;91
8;47;14;3;0;0;98
8;48;11;0;0;0;101
8;49;12;0;0;0;92
8;50;7;0;1;0;101
8;51;8;0;0;0;93
8;52;13;1;0;0;92
8;53;8;1;0;0;81
8;54;13;0;0;0;82
8;55;4;0;0;0;97
8;56;12;0;0;0;84
8;57;9;1;0;0;85
8;58;10;0;0;0;93
8;59;11;0;0;0;85
8;60;6;1;0;0;102
8;61;14;0;0;0;97
8;62;9;0;0;0;94
8;63;12;0;0;0;85
8;64;10;0;0;0;100
8;65;13;0;0;0;93
8;66;10;0;0;0;84
8;67;6;0;0;0;90
8;68;6;0;0;0;90
8;69;9;0;1;0;96
8;70;10;0;0;0;110
8;71;18;0;0;0;80
8;72;9;0;0;0;91
8;73;6;0;0;0;109
8;74;8;1;0;0;88
8;75;13;0;0;0;101
8;76;9;0;0;0;98
8;77;12;0;0;0;98
8;78;5;0;0;0;101
8;79;9;1;0;0;104
8;80;11;0;0;0;92
8;81;13;0;0;0;76
8;82;8;0;0;0;90
8;83;4;1;0;0;90
8;84;8;0;0;0;80
8;85;10;0;0;0;103
8;86;12;0;0;0;93
8;87;9;0;0;0;94
8;88;9;1;0;0;95
8;89;10;0;0;0;91
8;90;13;1;0;0;74
8;91;6;0;0;0;98
8;92;13;0;0;0;85
8;93;13;0;0;0;86
8;94;13;0;0;0;95
8;95;6;0;0;0;76
8;96;8;1;0;0;92
8;97;11;2;0;0;100
8;98;13;1;0;0;83
8;99;12;0;0;0;84
8;100;15;0;0;0;104
8;101;12;1;0;0;99
8;102;10;0;0;0;104
8;103;10;1;0;0;99
8;104;9;0;0;0;91
8;105;20;0;0;0;103
8;106;11;0;0;0;92
8;107;11;0;0;0;95
8;108;6;0;0;0;99
8;109;14;0;0;0;100
8;110;8;1;0;0;93
8;111;11;0;0;0;93
8;112;14;0;0;0;82
8;113;9;1;0;0;81
8;114;7;1;0;0;96
8;115;4;0;0;0;82
8;116;7;0;0;0;94
8;117;12;0;0;0;85
8;118;10;0;0;0;94
8;119;11;0;0;0;98
8;120;14;0;0;0;87
8;121;8;0;0;0;96
8;122;11;0;0;0;83
8;123;7;1;0;0;105
8;124;10;0;0;0;87
8;125;14;0;0;0;96
8;126;8;0;0;0;110
8;127;9;1;0;0;95
8;128;7;0;0;0;86
8;129;12;0;0;0;112
8;130;11;0;0;0;107
8;131;13;0;0;0;97
8;132;12;0;0;0;84
8;133;8;1;0;0;108
8;134;12;1;0;0;91
8;135;13;0;0;0;116
8;136;17;1;0;0;72
8;137;6;0;0;0;83
8;138;6;0;0;0;88
8;139;15;1;0;0;87
8;140;12;0;0;0;97
8;141;12;0;0;0;105
8;142;15;0;0;0;89
8;143;8;0;0;0;93
8;144;11;0;0;0;96
8;145;10;0;0;0;88
8;146;9;0;0;0;104
8;147;8;1;0;0;88
8;148;9;0;0;0;101
8;149;10;1;0;0;63
8;150;4;0;0;0;96
8;151;12;1;0;0;85
8;152;12;0;1;0;103
8;153;5;1;0;0;82
8;154;5;1;0;0;86
8;155;12;0;0;0;86
8;156;7;0;0;0;93
8;157;14;0;0;0;85
8;158;10;0;0;0;76
8;159;7;0;0;0;94
8;160;10;0;0;0;93
8;161;10;0;0;0;86
8;162;11;0;0;0;78
8;163;8;0;0;0;91
8;164;14;0;0;0;82
8;165;10;0;0;0;91
8;166;11;0;0;0;81
8;167;8;0;0;0;90
8;168;9;0;0;0;78
8;169;9;0;0;0;90
8;170;9;1;0;0;94
8;171;9;0;0;0;94
8;172;9;0;1;0;84
8;173;7;0;0;0;79
8;174;8;0;0;0;107
8;175;8;0;0;0;99
8;176;6;1;0;0;92
8;177;8;0;0;0;79
8;178;13;0;0;0;85
8;179;11;0;0;0;79
8;180;9;0;0;0;102
8;181;12;0;0;0;85
8;182;13;1;0;0;81
8;183;10;0;0;0;102
8;184;10;1;0;0;103
8;185;11;0;0;0;88
8;186;11;0;0;0;101
8;187;11;0;0;0;86
8;188;13;1;0;0;86
8;189;9;0;0;0;88
8;190;6;0;0;0;79
8;191;7;0;0;0;100
8;192;9;0;0;0;109
8;193;15;1;0;0;100
8;194;7;0;0;0;92
8;195;8;0;0;0;93
8;196;8;0;0;0;90
8;197;10;0;0;0;80
8;198;2;0;0;0;75
8;199;9;0;0;0;89
8;200;11;0;0;0;91
8;201;10;1;0;0;79
8;202;10;0;0;0;101
8;203;12;0;0;0;84
8;204;11;1;0;0;99
8;205;11;0;0;0;101
8;206;11;0;0;0;82
8;207;2;0;0;0;79
8;208;10;1;0;0;94
8;209;8;1;0;0;97
8;210;6;1;0;0;89
8;211;9;0;0;0;97
8;212;11;1;0;0;86
8;213;13;1;0;0;103
8;214;12;0;0;0;74
8;215;6;0;0;0;89
8;216;4;0;0;0;102
8;217;11;1;0;0;91
8;218;8;0;0;0;95
8;219;11;1;0;0;80
8;220;9;1;0;0;87
8;221;12;0;0;0;113
8;222;13;1;0;0;82
8;223;8;0;0;0;93
8;224;9;0;0;0;124
8;225;15;0;0;0;83
8;226;19;0;0;0;93
8;227;14;0;0;0;83
8;228;10;0;0;0;86
8;229;7;0;0;0;77
8;230;12;0;0;0;82
8;231;12;0;0;0;76
8;232;3;0;0;0;92
8;233;6;0;0;0;86
8;234;12;0;0;0;97
8;235;10;0;0;0;81
8;236;11;1;0;0;93
8;237;8;0;0;0;87
8;238;8;1;0;0;94
8;239;18;1;0;0;85
8;240;10;0;0;0;72
8;241;7;0;0;0;100
8;242;10;0;0;0;95
8;243;12;0;0;0;84
8;244;11;0;0;0;100
8;245;11;0;0;0;95
8;246;12;0;0;0;92
8;247;6;1;0;0;75
8;248;9;0;0;0;87
8;249;9;0;0;0;113
8;250;13;1;0;0;70
8;251;7;0;0;0;80
8;252;8;0;0;0;113
8;253;13;0;0;0;77
8;254;12;0;0;0;106
8;255;8;0;0;0;102
8;256;15;0;0;0;79
8;257;8;1;0;0;97
8;258;12;1;0;0;92
8;259;17;0;0;0;87
8;260;13;0;0;0;93
8;261;12;1;0;0;92
8;262;11;1;0;0;88
8;263;9;0;0;0;81
8;264;9;1;0;0;100
8;265;12;0;0;0;102
8;266;11;0;0;0;72
8;267;13;0;0;0;92
8;268;13;0;0;0;102
8;269;10;0;0;0;103
8;270;14;0;0;0;93
8;271;13;0;0;0;78
8;272;12;1;0;0;96
8;273;8;0;0;0;86
8;274;13;1;0;0;78
8;275;8;0;0;0;90
8;276;4;0;0;0;107
8;277;8;0;0;0;99
8;278;9;0;0;0;88
8;279;14;0;0;0;91
8;280;20;0;0;0;97
8;281;9;1;0;0;101
8;282;11;2;0;0;95
8;283;9;0;0;0;109
8;284;12;2;0;0;80
8;285;8;0;0;0;105
8;286;11;0;0;0;82
8;287;6;0;0;0;91
8;288;13;0;0;0;100
8;289;13;0;0;0;84
8;290;5;0;0;0;86
8;291;2;0;0;0;93
8;292;6;0;0;0;81
8;293;16;0;0;0;97
8;294;6;0;0;0;97
8;295;10;0;0;0;85
8;296;8;0;0;0;88
8;297;9;0;0;0;100
8;298;10;0;0;0;102
8;299;6;0;0;0;95
8;300;9;0;0;0;109
8;301;11;0;0;0;90
8;302;10;1;0;0;85
8;303;8;1;0;0;95
8;304;4;0;0;0;94
8;305;8;1;0;0;94
8;306;9;0;0;0;89
8;307;12;1;0;0;71
8;308;10;0;0;0;75
8;309;9;0;0;0;108
8;310;13;1;0;0;94
8;311;9;0;0;0;100
8;312;14;1;0;0;84
8;313;10;0;0;0;82
8;314;4;0;0;0;93
8;315;16;0;0;0;90
8;316;15;0;0;0;108
8;317;14;0;1;0;86
8;318;7;0;0;0;83
8;319;8;0;0;0;94
8;320;9;0;0;0;103
8;321;14;1;0;0;94
8;322;10;0;0;0;92
8;323;8;0;0;0;88
8;324;12;0;0;0;102
8;325;9;0;0;0;87
8;326;13;0;0;0;92
8;327;8;4;0;0;99
8;328;12;1;0;0;83
8;329;5;0;0;0;83
8;330;8;0;0;0;94
8;331;6;0;0;0;103
8;332;11;0;0;0;83
8;333;8;0;0;0;94
8;334;9;0;0;0;85
8;335;6;0;0;0;82
8;336;7;3;0;0;107
8;337;10;0;0;0;87
8;338;5;0;0;0;83
8;339;13;0;0;0;89
8;340;4;0;0;0;85
8;341;9;1;0;0;83
8;342;8;2;0;0;115
8;343;10;0;0;0;91
8;344;10;0;0;0;79
8;345;7;1;0;0;82
8;346;10;1;0;0;92
8;347;8;0;0;0;83
8;348;12;0;0;0;86
8;349;4;0;0;0;81
8;350;12;0;0;0;104
8;351;13;0;0;0;98
8;352;9;3;0;0;74
8;353;12;1;0;0;85
8;354;10;0;0;0;74
8;355;5;0;0;0;91
8;356;7;0;0;0;101
8;357;9;0;0;0;96
8;358;11;1;0;0;118
8;359;7;0;0;0;92
9;0;0;0;0;0;94
9;1;19;0;0;0;81
9;2;11;0;0;0;105
9;3;7;1;0;0;73
9;4;11;0;0;0;93
9;5;7;0;0;0;88
9;6;11;0;0;0;92
9;7;7;0;0;0;99
9;8;10;0;0;0;99
9;9;11;0;0;0;82
9;10;9;0;0;0;88
9;11;10;1;0;0;76
9;12;6;0;0;0;96
9;13;10;0;0;0;86
9;14;13;0;0;0;90
9;15;7;0;0;0;92
9;16;12;0;0;0;85
9;17;5;0;0;0;88
9;18;12;0;0;0;107
9;19;9;0;0;0;84
9;20;13;0;0;0;97
9;21;12;0;0;0;94
9;22;7;0;0;0;85
9;23;12;1;0;0;95
9;24;6;0;0;0;99
9;25;13;0;0;0;87
9;26;11;1;0;0;82
9;27;10;0;0;0;105
9;28;10;0;0;0;110
9;29;18;0;0;0;88
9;30;8;0;0;0;96
9;31;8;0;0;0;93
9;32;8;0;0;0;85
9;33;7;1;0;0;82
9;34;6;1;0;0;84
9;35;6;1;0;0;84
9;36;15;0;0;0;82
9;37;12;1;0;0;94
9;38;10;0;0;0;78
9;39;12;0;0;0;99
9;40;5;0;0;0;92
9;41;7;0;0;0;92
9;42;5;0;0;0;73
9;43;5;1;0;0;65
9;44;4;1;0;0;105
9;45;12;0;0;0;91
9;46;8;1;0;0;104
9;47;4;0;0;0;86
9;48;6;0;0;0;82
9;49;11;0;0;0;91
9;50;11;0;0;0;78
9;51;10;0;0;0;91
9;52;8;0;0;0;85
9;53;9;0;0;0;86
9;54;12;1;0;0;88
9;55;13;0;0;0;96
9;56;13;0;0;0;89
9;57;10;1;0;0;95
9;58;5;0;0;0;89
9;59;7;0;0;0;96
9;60;11;0;0;0;108
9;61;6;0;0;0;84
9;62;10;0;0;0;91
9;63;11;0;1;0;92
9;64;7;0;0;0;105
9;65;7;0;0;0;101
9;66;11;0;1;0;87
9;67;7;0;0;0;99
9;68;11;0;0;0;76
9;69;8;0;0;0;100
9;70;13;0;0;0;76
9;71;8;0;0;0;86
9;72;11;0;0;0;87
9;73;10;0;0;0;98
9;74;14;0;0;0;95
9;75;9;0;0;0;94
9;76;9;0;0;0;105
9;77;8;0;0;0;95
9;78;12;0;0;0;85
9;79;12;0;0;0;89
9;80;11;0;0;0;81
9;81;11;0;0;0;85
9;82;7;0;0;0;87
9;83;10;1;0;0;84
9;84;13;0;0;0;90
9;85;11;0;0;0;96
9;86;11;0;0;0;94
9;87;12;0;0;0;71
9;88;7;0;0;0;102
9;89;10;0;0;0;85
9;90;12;0;0;0;101
9;91;9;0;1;0;81
9;92;5;0;0;0;93
9;93;16;1;0;0;86
9;94;8;1;0;0;108
9;95;10;0;0;0;90
9;96;10;0;0;0;96
9;97;9;0;0;0;89
9;98;10;0;0;0;89
9;99;9;1;0;0;90
9;100;8;0;0;0;100
9;101;13;1;0;0;85
9;102;15;1;0;0;83
9;103;7;0;0;0;97
9;104;7;0;0;0;95
9;105;13;1;0;0;80
9;106;8;0;0;0;98
9;107;11;0;0;0;82
9;108;7;0;0;0;99
9;109;11;0;0;0;95
9;110;9;0;0;0;110
9;111;10;0;0;0;103
9;112;6;0;0;0;76
9;113;8;0;0;0;96
9;114;3;1;0;0;96
9;115;12;0;0;0;98
9;116;10;1;0;0;96
9;117;10;0;0;0;99
9;118;8;0;0;0;89
9;119;17;1;0;0;94
9;120;11;0;0;0;84
9;121;9;0;1;0;87
9;122;7;0;0;0;85
9;123;5;4;0;0;111
9;124;13;1;0;0;91
9;125;5;0;0;0;85
9;126;5;0;0;0;88
9;127;10;0;0;0;88
9;128;16;0;0;0;90
9;129;7;0;0;0;99
9;130;12;0;0;0;96
9;131;10;0;0;0;85
9;132;14;0;0;0;98
9;133;8;0;0;0;92
9;134;8;1;0;0;98
9;135;11;0;0;0;114
9;136;12;0;0;0;78
9;137;7;0;0;0;91
9;138;7;0;0;0;107
9;139;6;0;0;0;99
9;140;8;0;0;0;96
9;141;14;0;0;0;80
9;142;6;1;0;0;94
9;143;9;0;0;0;91
9;144;4;0;0;0;102
9;145;12;0;0;0;93
9;146;10;0;0;0;97
9;147;12;1;0;0;86
9;148;15;0;0;0;76
9;149;9;0;0;0;105
9;150;12;0;0;0;105
9;151;9;0;1;0;110
9;152;9;0;0;0;99
9;153;17;0;0;0;92
9;154;16;0;0;0;88
9;155;13;0;0;0;109
9;156;12;0;0;0;92
9;157;11;1;0;0;99
9;158;9;2;0;0;92
9;159;14;0;0;0;93
9;160;10;1;0;0;91
9;161;12;0;0;0;95
9;162;7;1;0;0;91
9;163;10;0;0;0;99
9;164;10;0;0;0;107
9;165;15;0;0;0;90
9;166;6;0;0;0;85
9;167;9;0;0;0;118
9;168;17;0;0;0;99
9;169;10;0;0;0;95
9;170;10;0;0;0;93
9;171;4;0;0;0;81
9;172;8;2;0;0;102
9;173;9;0;0;0;104
9;174;20;0;0;0;103
9;175;12;0;0;0;82
9;176;12;0;0;0;82
9;177;14;0;0;0;96
9;178;9;0;0;0;85
9;179;12;1;0;0;90
9;180;11;0;0;0;92
9;181;9;2;0;0;93
9;182;10;5;0;0;97
9;183;12;0;0;0;78
9;184;11;0;0;0;98
9;185;9;0;0;0;93
9;186;6;0;0;0;109
9;187;9;0;0;0;84
9;188;7;0;0;0;90
9;189;12;0;0;0;99
9;190;10;0;0;0;88
9;191;13;0;0;0;93
9;192;15;0;0;0;88
9;193;6;0;0;0;104
9;194;11;1;0;0;96
9;195;13;1;0;0;103
9;196;14;0;0;0;96
9;197;15;0;0;0;101
9;198;10;0;0;0;113
9;199;14;0;0;0;95
9;200;17;1;0;0;89
9;201;11;0;0;0;87
9;202;10;0;0;0;90
9;203;10;0;0;0;86
9;204;6;0;0;0;95
9;205;13;0;0;0;89
9;206;11;0;0;0;94
9;207;12;0;0;0;109
9;208;19;0;0;0;80
9;209;8;0;0;0;97
9;210;8;0;0;0;93
9;211;16;0;0;0;82
9;212;12;0;0;0;100
9;213;10;0;0;0;103
9;214;13;0;0;0;84
9;215;11;0;0;0;86
9;216;9;0;0;0;87
9;217;8;1;0;0;89
9;218;7;0;0;0;83
9;219;8;1;0;0;89
9;220;11;0;0;0;91
9;221;7;0;0;0;101
9;222;12;1;0;0;95
9;223;9;1;0;0;85
9;224;12;0;0;0;81
9;225;9;0;0;0;106
9;226;13;0;0;0;90
9;227;17;0;0;0;84
9;228;8;1;0;0;106
9;229;16;1;0;0;104
9;230;9;0;0;0;89
9;231;11;0;0;0;95
9;232;11;0;0;0;92
9;233;14;0;0;0;86
9;234;13;0;0;0;82
9;235;8;1;0;0;83
9;236;11;1;0;0;103
9;237;10;0;0;0;94
9;238;7;0;0;0;78
9;239;7;0;0;0;87
9;240;8;0;0;0;97
9;241;9;0;0;0;98
9;242;7;1;0;0;102
9;243;16;0;0;0;81
9;244;10;0;0;0;92
9;245;9;0;0;0;86
9;246;8;0;0;0;91
9;247;11;0;0;0;93
9;248;8;0;0;0;97
9;249;6;0;0;0;82
9;250;12;0;0;0;83
9;251;7;0;0;0;96
9;252;10;0;0;0;91
9;253;9;0;0;0;86
9;254;15;0;0;0;106
9;255;12;0;0;0;77
9;256;11;0;0;0;76
9;257;3;0;0;0;85
9;258;8;0;0;0;104
9;259;16;0;0;0;97
9;260;13;0;0;0;87
9;261;10;1;0;0;95
9;262;15;0;0;0;85
9;263;11;1;0;0;108
9;264;15;0;0;0;96
9;265;8;0;0;0;110
9;266;3;0;0;0;99
9;267;9;2;0;0;92
9;268;11;0;0;0;93
9;269;5;0;0;0;92
9;270;13;0;0;0;95
9;271;10;1;0;0;76
9;272;7;0;0;0;110
9;273;12;0;0;0;97
9;274;12;0;0;0;85
9;275;7;0;0;0;94
9;276;5;0;0;0;101
9;277;13;0;0;0;98
9;278;10;0;0;0;87
9;279;9;1;0;0;103
9;280;12;1;0;0;85
9;281;10;0;0;0;83
9;282;8;1;0;0;91
9;283;7;0;0;0;87
9;284;11;0;0;0;74
9;285;3;1;0;0;88
9;286;9;2;0;0;95
9;287;14;0;0;0;100
9;288;11;2;0;0;97
9;289;14;1;0;0;106
9;290;15;0;0;0;87
9;291;4;2;0;0;98
9;292;15;0;0;0;82
9;293;6;0;0;0;88
9;294;9;0;0;0;87
9;295;12;0;0;0;114
9;296;15;0;0;0;95
9;297;6;0;0;0;90
9;298;12;0;0;0;89
9;299;9;0;0;0;101
9;300;10;0;0;0;92
9;301;11;0;0;0;90
9;302;8;0;0;0;103
9;303;8;0;0;0;99
9;304;13;1;0;0;76
9;305;9;0;0;0;101
9;306;6;0;0;0;105
9;307;8;1;0;0;97
9;308;12;0;0;0;98
9;309;15;1;0;0;93
9;310;8;0;0;0;109
9;311;12;0;0;0;91
9;312;7;0;0;0;87
9;313;13;1;0;0;79
9;314;9;1;0;0;92
9;315;10;0;0;0;85
9;316;8;0;0;0;90
9;317;9;0;0;0;113
9;318;9;0;0;0;83
9;319;11;0;0;0;107
9;320;5;0;1;0;95
9;321;12;0;0;0;98
9;322;13;0;0;0;81
9;323;11;0;0;0;99
9;324;11;0;0;0;77
9;325;10;0;0;0;82
9;326;13;0;0;0;88
9;327;12;1;0;0;97
9;328;10;0;0;0;84
9;329;13;0;0;0;90
9;330;16;1;0;0;90
9;331;11;1;0;0;67
9;332;6;0;0;0;98
9;333;11;0;0;0;93
9;334;10;0;0;0;106
9;335;12;3;0;0;97
9;336;10;0;1;0;95
9;337;10;1;0;0;78
9;338;11;0;0;0;107
9;339;10;0;0;0;96
9;340;14;0;0;0;94
9;341;9;0;0;0;91
9;342;20;0;0;0;101
9;343;6;0;0;0;86
9;344;7;0;0;0;91
9;345;8;0;0;0;92
9;346;13;1;0;0;101
9;347;13;1;0;0;83
9;348;11;0;0;0;90
9;349;8;0;0;0;103
9;350;6;0;1;0;101
9;351;13;0;0;0;103
9;352;11;0;0;0;86
9;353;10;0;0;0;80
9;354;8;0;0;0;92
9;355;11;0;0;0;88
9;356;11;0;0;0;73
9;357;7;0;0;0;110
9;358;16;0;0;0;98
9;359;9;0;0;0;90
10;0;0;0;0;0;99
10;1;20;0;0;0;77
10;2;8;0;0;0;91
10;3;8;0;0;0;101
10;4;7;1;0;0;84
10;5;15;0;0;0;93
10;6;10;1;0;0;69
10;7;12;1;0;0;77
10;8;11;1;0;0;86
10;9;7;0;0;0;84
10;10;10;0;0;0;87
10;11;6;0;0;0;95
10;12;4;0;0;0;84
10;13;2;0;0;0;99
10;14;8;0;0;0;84
10;15;9;0;0;0;99
10;16;17;0;0;0;72
10;17;7;0;0;0;87
10;18;8;1;0;0;92
10;19;6;1;0;0;98
10;20;11;1;0;0;87
10;21;8;0;0;0;88
10;22;9;0;0;0;78
10;23;11;0;0;0;102
10;24;16;0;0;0;99
10;25;8;0;0;0;83
10;26;7;0;0;0;83
10;27;13;0;0;0;85
10;28;9;0;0;0;106
10;29;13;0;0;0;82
10;30;8;0;0;0;92
10;31;7;0;0;0;117
10;32;9;0;0;0;96
10;33;9;0;0;0;71
10;34;9;0;0;0;91
10;35;10;0;0;0;105
10;36;10;0;0;0;104
10;37;10;0;0;0;84
10;38;9;0;0;0;79
10;39;10;0;0;0;92
10;40;12;0;0;0;88
10;41;12;0;0;0;91
10;42;15;0;0;0;104
10;43;12;0;0;0;82
10;44;6;0;0;0;93
10;45;4;0;0;0;84
10;46;5;0;0;0;107
10;47;13;1;0;0;89
10;48;7;0;0;0;94
10;49;7;1;0;0;80
10;50;10;0;0;0;92
10;51;10;0;0;0;82
10;52;5;0;0;0;100
10;53;15;0;0;0;101
10;54;19;0;0;0;97
10;55;12;0;0;0;85
10;56;7;0;0;0;104
10;57;18;0;0;0;81
10;58;12;1;0;0;94
10;59;10;0;0;0;93
10;60;11;1;0;0;83
10;61;13;0;0;0;91
10;62;4;0;0;0;87
10;63;8;0;0;0;86
10;64;8;0;0;0;84
10;65;9;1;0;0;108
10;66;11;0;0;0;99
10;67;11;0;0;0;96
10;68;14;0;0;0;86
10;69;9;0;0;0;87
10;70;3;1;0;0;100
10;71;9;1;0;0;77
10;72;10;1;0;0;82
10;73;14;0;0;0;100
10;74;12;0;0;0;97
10;75;8;1;0;0;98
10;76;15;1;0;0;98
10;77;6;1;0;0;95
10;78;7;0;0;0;108
10;79;9;0;0;0;81
10;80;6;0;0;0;100
10;81;14;1;0;0;103
10;82;15;1;0;0;86
10;83;11;1;0;0;104
10;84;9;0;0;0;87
10;85;16;2;0;0;94
10;86;16;0;0;0;102
10;87;10;0;0;0;90
10;88;7;0;0;0;85
10;89;7;0;0;0;106
10;90;10;1;0;0;87
10;91;9;0;0;0;93
10;92;17;0;0;0;89
10;93;9;0;0;0;96
10;94;11;1;0;0;95
10;95;8;0;0;0;94
10;96;12;0;0;0;83
10;97;7;0;0;0;115
10;98;12;0;0;0;83
10;99;9;0;0;0;91
10;100;10;0;0;0;84
10;101;7;0;0;0;88
10;102;13;0;0;0;88
10;103;4;1;0;0;96
10;104;9;0;0;0;71
10;105;12;1;0;0;93
10;106;7;0;0;0;93
10;107;9;0;0;0;109
10;108;9;0;0;0;112
10;109;8;0;0;0;89
10;110;12;0;0;0;87
10;111;12;0;0;0;109
10;112;15;0;0;0;93
10;113;4;0;0;0;77
10;114;7;0;0;0;90
10;115;13;0;0;0;86
10;116;9;0;0;0;95
10;117;8;0;0;0;77
10;118;9;0;0;0;81
10;119;10;0;0;0;102
10;120;13;0;0;0;105
10;121;7;0;0;0;89
10;122;11;0;0;0;73
10;123;9;0;0;0;84
10;124;7;2;0;0;100
10;125;12;0;0;0;102
10;126;18;0;0;0;100
10;127;8;0;0;0;95
10;128;10;1;0;0;99
10;129;10;0;0;0;85
10;130;13;0;0;0;88
10;131;10;0;0;0;93
10;132;11;1;0;0;110
10;133;10;0;0;0;102
10;134;8;1;0;0;82
10;135;8;0;0;0;104
10;136;10;0;0;0;84
10;137;12;0;0;0;72
10;138;9;0;0;0;85
10;139;7;0;0;0;105
10;140;9;0;0;0;86
10;141;13;0;0;0;95
10;142;14;0;0;0;105
10;143;13;0;0;0;84
10;144;7;1;0;0;96
10;145;11;0;0;0;88
10;146;14;1;0;0;98
10;147;11;0;0;0;101
10;148;11;0;0;0;97
10;149;9;0;0;0;90
10;150;14;0;0;0;104
10;151;11;0;0;0;94
10;152;12;0;0;0;107
10;153;6;0;0;0;93
10;154;9;0;0;0;94
10;155;8;0;0;0;93
10;156;12;0;0;0;94
10;157;13;0;0;0;84
10;158;7;1;0;0;92
10;159;8;0;0;0;86
10;160;7;0;0;0;104
10;161;15;1;0;0;86
10;162;10;0;0;0;82
10;163;10;0;0;0;102
10;164;12;1;0;0;102
10;165;14;0;0;0;88
10;166;7;0;0;0;88
10;167;10;1;0;0;94
10;168;8;0;0;0;100
10;169;5;0;0;0;97
10;170;7;0;0;0;98
10;171;14;1;0;0;100
10;172;10;0;0;0;90
10;173;10;1;0;0;79
10;174;8;0;0;0;91
10;175;16;0;0;0;83
10;176;12;0;0;0;102
10;177;17;0;0;0;91
10;178;6;0;0;0;95
10;179;11;1;0;0;105
10;180;18;1;0;0;84
10;181;8;0;0;0;75
10;182;3;0;0;0;91
10;183;7;0;0;0;99
10;184;7;1;0;0;92
10;185;11;0;0;0;104
10;186;10;0;0;0;97
10;187;14;0;0;0;107
10;188;12;0;0;0;86
10;189;15;1;0;0;84
10;190;12;1;0;0;87
10;191;16;0;0;0;92
10;192;14;0;0;0;88
10;193;13;0;0;0;91
10;194;12;0;0;0;87
10;195;12;0;0;0;79
10;196;6;0;0;0;88
10;197;2;0;0;0;104
10;198;11;0;0;0;90
10;199;11;0;0;0;85
10;200;12;0;0;0;78
10;201;11;0;0;0;109
10;202;11;0;0;0;96
10;203;10;0;0;0;84
10;204;8;0;0;0;95
10;205;9;0;0;0;90
10;206;9;0;0;0;93
10;207;8;1;0;0;83
10;208;7;0;0;0;91
10;209;12;1;0;0;85
10;210;6;1;0;0;98
10;211;8;0;0;0;82
10;212;9;0;0;0;104
10;213;9;0;0;0;103
10;214;6;0;0;0;87
10;215;15;0;0;0;83
10;216;10;0;0;0;111
10;217;11;0;0;0;77
10;218;9;0;0;0;82
10;219;10;0;0;0;88
10;220;8;0;0;0;91
10;221;8;0;0;0;103
10;222;6;1;0;0;80
10;223;9;1;0;0;96
10;224;13;0;0;0;94
10;225;13;0;0;0;71
10;226;6;0;0;0;97
10;227;10;0;1;0;86
10;228;10;0;0;0;79
10;229;8;0;0;0;98
10;230;12;0;0;0;87
10;231;6;1;0;0;92
10;232;12;0;0;0;101
10;233;8;0;0;0;90
10;234;13;1;0;0;103
10;235;14;0;0;0;108
10;236;17;0;0;0;92
10;237;11;0;0;0;84
10;238;11;0;0;0;85
10;239;9;1;0;0;108
10;240;16;1;0;0;89
10;241;15;0;0;0;90
10;242;9;0;0;0;99
10;243;5;1;0;0;98
10;244;14;0;0;0;90
10;245;13;0;0;0;87
10;246;7;0;0;0;101
10;247;12;1;0;0;96
10;248;7;0;0;0;81
10;249;8;0;0;0;112
10;250;14;1;0;0;79
10;251;15;0;0;0;88
10;252;15;0;0;0;95
10;253;8;0;0;0;101
10;254;9;2;0;0;95
10;255;12;1;0;0;92
10;256;10;1;0;0;93
10;257;15;0;0;0;86
10;258;14;0;0;0;110
10;259;7;0;0;0;85
10;260;11;1;0;0;97
10;261;19;0;0;0;87
10;262;7;1;0;0;98
10;263;7;0;1;0;88
10;264;14;1;0;0;86
10;265;10;0;0;0;108
10;266;10;0;0;0;101
10;267;9;0;0;0;87
10;268;10;0;0;0;98
10;269;13;0;0;0;88
10;270;3;1;0;0;79
10;271;9;0;0;0;81
10;272;10;0;0;0;79
10;273;8;0;0;0;100
10;274;12;0;0;0;94
10;275;9;0;0;0;88
10;276;7;0;0;0;88
10;277;6;0;0;0;101
10;278;10;0;0;0;98
10;279;11;0;0;0;96
10;280;14;1;0;0;98
10;281;10;0;0;0;90
10;282;8;1;0;0;104
10;283;15;0;0;0;95
10;284;5;1;0;0;93
10;285;15;1;0;0;94
10;286;14;1;0;0;96
10;287;13;0;0;0;85
10;288;7;0;0;0;98
10;289;8;0;0;0;105
10;290;10;0;0;0;88
10;291;7;1;0;0;76
10;292;11;1;0;0;109
10;293;6;0;0;0;79
10;294;9;1;0;0;95
10;295;14;0;0;0;110
10;296;8;1;0;0;91
10;297;11;0;0;0;91
10;298;12;0;0;0;98
10;299;19;0;0;0;89
10;300;9;1;0;0;91
10;301;14;0;0;0;98
10;302;12;0;0;0;101
10;303;14;0;0;0;99
10;304;7;0;0;0;89
10;305;14;0;0;0;93
10;306;14;0;0;0;91
10;307;15;0;0;0;93
10;308;11;1;0;0;88
10;309;12;2;0;0;107
10;310;13;0;0;0;79
10;311;9;0;0;0;75
10;312;7;0;0;0;92
10;313;10;0;0;0;95
10;314;6;0;0;0;86
10;315;10;0;0;0;91
10;316;8;1;0;0;89
10;317;12;1;0;0;94
10;318;7;0;0;0;97
10;319;14;0;0;0;86
10;320;8;0;0;0;86
10;321;6;0;0;0;97
10;322;14;0;0;0;92
10;323;12;1;0;0;92
10;324;9;1;0;0;95
10;325;9;0;0;0;74
10;326;5;0;0;0;95
10;327;12;1;0;0;82
10;328;7;0;0;0;91
10;329;11;1;0;0;104
10;330;10;0;0;0;85
10;331;8;0;0;0;80
10;332;11;1;0;0;89
10;333;14;0;0;0;74
10;334;5;0;0;0;93
10;335;9;0;0;0;85
10;336;7;0;0;0;101
10;337;10;0;1;0;98
10;338;15;0;1;0;98
10;339;9;1;0;0;79
10;340;6;0;0;0;82
10;341;9;0;1;0;102
10;342;10;2;0;0;105
10;343;11;0;0;0;96
10;344;11;1;0;0;77
10;345;6;2;0;0;84
10;346;9;0;0;0;83
10;347;2;0;0;0;95
10;348;15;0;0;0;87
10;349;4;1;0;0;78
10;350;6;0;0;0;106
10;351;13;0;0;0;77
10;352;11;0;0;0;88
10;353;8;0;0;0;93
10;354;7;0;0;0;98
10;355;6;0;0;0;95
10;356;7;0;0;0;100
10;357;10;0;0;0;84
10;358;8;0;0;0;97
10;359;9;0;0;0;77
11;0;0;0;0;0;94
11;1;23;0;1;0;86
11;2;11;0;0;0;100
11;3;17;1;0;0;82
11;4;7;0;0;0;94
11;5;5;0;0;0;91
11;6;10;0;0;0;102
11;7;13;0;0;0;83
11;8;12;0;0;0;88
11;9;13;0;0;0;85
11;10;4;0;1;0;92
11;11;3;0;0;0;87
11;12;11;0;0;0;100
11;13;14;1;0;0;74
11;14;11;0;0;0;106
11;15;9;1;0;0;90
11;16;7;1;0;0;76
11;17;8;0;0;0;93
11;18;8;1;0;0;94
11;19;8;0;0;0;92
11;20;9;0;0;0;88
11;21;8;0;0;0;90
11;22;8;1;0;0;85
11;23;7;0;0;0;111
11;24;9;1;0;0;82
11;25;11;0;0;0;96
11;26;11;0;0;0;93
11;27;4;0;0;0;89
11;28;9;0;0;0;92
11;29;10;0;0;0;95
11;30;7;0;0;0;93
11;31;8;0;0;0;93
11;32;11;0;0;0;99
11;33;10;0;0;0;88
11;34;5;0;0;0;98
11;35;16;2;0;0;107
11;36;16;0;0;0;78
11;37;7;1;0;0;90
11;38;7;0;0;0;81
11;39;11;0;0;0;96
11;40;9;0;0;0;102
11;41;17;0;0;0;82
11;42;15;0;0;0;95
11;43;10;0;0;0;102
11;44;11;0;0;0;88
11;45;8;1;0;0;97
11;46;9;0;0;0;94
11;47;7;0;0;0;98
11;48;14;0;0;0;106
11;49;10;0;0;0;76
11;50;10;0;0;0;106
11;51;16;0;0;0;100
11;52;12;2;1;0;91
11;53;15;0;0;0;92
11;54;17;0;0;0;92
11;55;8;1;0;0;104
11;56;4;0;0;0;84
11;57;12;0;0;0;95
11;58;15;0;0;0;106
11;59;7;0;0;0;95
11;60;6;0;0;0;97
11;61;9;0;0;0;94
11;62;7;0;0;0;96
11;63;8;2;0;0;91
11;64;10;1;0;0;97
11;65;8;0;0;0;106
11;66;11;0;0;0;81
11;67;9;0;0;0;97
11;68;14;0;0;0;90
11;69;6;0;0;0;91
11;70;8;0;0;0;99
11;71;8;0;0;0;93
11;72;15;0;0;0;101
11;73;11;0;0;0;92
11;74;10;0;0;0;87
11;75;13;0;0;0;93
11;76;13;1;0;0;76
11;77;10;0;0;0;91
11;78;7;0;0;0;101
11;79;16;1;0;0;113
11;80;12;0;0;0;100
11;81;7;0;0;0;96
11;82;12;0;0;0;87
11;83;12;1;0;0;94
11;84;11;1;0;0;91
11;85;9;0;0;0;82
11;86;10;0;0;0;80
11;87;3;0;0;0;105
11;88;4;0;0;0;86
11;89;14;0;0;0;90
11;90;12;0;0;0;100
11;91;11;0;0;0;89
11;92;7;1;0;0;84
11;93;13;0;1;0;90
11;94;8;1;0;0;77
11;95;11;0;0;0;85
11;96;7;0;0;0;106
11;97;8;1;0;0;107
11;98;8;0;0;0;90
11;99;11;0;0;0;87
11;100;9;0;0;0;78
11;101;7;0;0;0;113
11;102;11;0;0;0;90
11;103;12;0;0;0;105
11;104;13;0;0;0;101
11;105;9;0;0;0;102
11;106;10;0;0;0;96
11;107;12;0;0;0;97
11;108;11;0;0;0;104
11;109;10;1;0;0;97
11;110;16;0;0;0;98
11;111;13;0;0;0;90
11;112;24;0;0;0;106
11;113;6;0;0;0;93
11;114;7;0;0;0;93
11;115;10;1;0;0;87
11;116;9;0;0;0;89
11;117;8;1;0;0;92
11;118;13;0;0;0;94
11;119;6;0;1;0;76
11;120;8;0;0;0;88
11;121;15;0;0;0;97
11;122;11;0;0;0;98
11;123;8;0;0;0;94
11;124;11;0;0;0;69
11;125;10;1;0;0;114
11;126;10;0;0;0;99
11;127;13;1;0;0;88
11;128;5;0;0;0;91
11;129;7;1;0;0;95
11;130;10;0;0;0;93
11;131;12;0;0;0;94
11;132;4;0;0;0;86
11;133;9;1;0;0;95
11;134;8;0;0;0;102
11;135;12;1;0;0;75
11;136;12;0;0;0;94
11;137;14;0;0;0;71
11;138;4;1;0;0;94
11;139;17;2;0;0;101
11;140;9;0;0;0;79
11;141;12;0;0;0;98
11;142;7;1;0;0;97
11;143;11;0;0;0;89
11;144;9;0;0;0;85
11;145;9;0;0;0;59
11;146;9;1;0;0;91
11;147;8;0;0;0;102
11;148;9;0;0;0;103
11;149;11;1;0;0;104
11;150;9;0;0;0;96
11;151;12;1;0;0;74
11;152;9;0;0;0;78
11;153;18;0;0;0;89
11;154;10;1;0;0;94
11;155;7;0;1;0;96
11;156;13;0;0;0;86
11;157;9;0;0;0;99
11;158;7;1;0;0;79
11;159;7;0;0;0;86
11;160;8;0;0;0;85
11;161;10;2;0;0;94
11;162;8;0;0;0;86
11;163;16;1;0;0;88
11;164;11;0;0;0;90
11;165;9;4;0;0;72
11;166;6;1;1;0;91
11;167;6;0;0;0;83
11;168;11;0;0;0;92
11;169;10;0;0;0;88
11;170;12;0;0;0;103
11;171;8;0;0;0;94
11;172;11;0;0;0;87
11;173;5;0;0;0;84
11;174;12;0;0;0;103
11;175;12;0;0;0;96
11;176;13;0;0;0;85
11;177;7;0;0;0;98
11;178;10;0;0;0;79
11;179;8;0;0;0;99
11;180;12;0;0;0;99
11;181;11;0;0;0;102
11;182;3;0;0;0;79
11;183;6;0;0;0;101
11;184;7;0;0;0;93
11;185;12;0;0;0;85
11;186;14;0;0;0;105
11;187;16;1;0;0;95
11;188;11;1;0;0;97
11;189;13;0;1;0;99
11;190;6;0;0;0;105
11;191;9;0;0;0;93
11;192;7;0;0;0;81
11;193;10;1;0;0;89
11;194;13;0;0;0;106
11;195;6;1;0;0;98
11;196;8;0;0;0;83
11;197;5;1;0;0;82
11;198;9;0;0;0;91
11;199;11;0;0;0;89
11;200;12;0;0;0;86
11;201;11;1;0;0;93
11;202;11;0;0;0;90
11;203;8;0;0;0;98
11;204;11;1;0;0;113
11;205;21;0;0;0;93
11;206;10;0;0;0;86
11;207;9;1;0;0;89
11;208;9;0;0;0;85
11;209;12;0;0;0;96
11;210;10;0;0;0;87
11;211;10;0;0;0;79
11;212;8;0;0;0;91
11;213;7;2;0;0;78
11;214;9;0;0;0;87
11;215;13;0;0;0;97
11;216;7;0;0;0;93
11;217;14;0;0;0;103
11;218;11;0;0;0;92
11;219;10;0;0;0;75
11;220;11;0;0;0;86
11;221;7;0;0;0;87
11;222;9;0;0;0;90
11;223;7;0;0;0;89
11;224;6;1;0;0;104
11;225;11;0;0;0;89
11;226;3;1;0;0;84
11;227;5;0;0;0;95
11;228;14;1;0;0;96
11;229;14;0;0;0;83
11;230;8;0;0;0;89
11;231;9;0;0;0;92
11;232;13;1;0;0;102
11;233;7;1;0;0;63
11;234;5;0;0;0;95
11;235;12;0;0;0;93
11;236;9;0;0;0;89
11;237;7;0;0;0;100
11;238;13;0;0;0;98
11;239;15;0;0;0;86
11;240;9;1;0;0;84
11;241;9;0;0;0;82
11;242;14;1;0;0;95
11;243;14;1;0;0;88
11;244;10;0;0;0;96
11;245;10;0;0;0;99
11;246;7;0;0;0;91
11;247;6;0;0;0;80
11;248;8;0;0;0;99
11;249;16;0;0;0;106
11;250;17;1;0;0;96
11;251;8;1;0;0;88
11;252;8;0;0;0;90
11;253;18;0;0;0;98
11;254;9;0;0;0;76
11;255;8;1;0;0;86
11;256;16;0;0;0;95
11;257;12;1;0;0;87
11;258;14;1;0;0;74
11;259;6;0;0;0;105
11;260;9;1;0;0;83
11;261;7;1;1;0;89
11;262;11;0;0;0;95
11;263;4;0;0;0;99
11;264;9;0;0;0;86
11;265;10;0;0;0;88
11;266;11;0;0;0;86
11;267;15;0;0;0;84
11;268;5;0;0;0;95
11;269;12;1;0;0;97
11;270;6;0;0;0;96
11;271;12;0;0;0;79
11;272;5;0;0;0;97
11;273;10;1;0;0;99
11;274;17;0;0;0;79
11;275;10;0;0;0;113
11;276;15;0;0;0;92
11;277;15;0;0;0;101
11;278;8;1;0;0;100
11;279;10;0;0;0;95
11;280;13;0;0;0;91
11;281;9;0;0;0;85
11;282;7;0;0;0;67
11;283;7;0;0;0;81
11;284;8;0;0;0;89
11;285;14;1;0;0;99
11;286;8;0;0;0;89
11;287;7;0;0;0;88
11;288;6;0;0;0;88
11;289;6;0;0;0;98
11;290;8;0;0;0;98
11;291;7;1;0;0;88
11;292;8;0;0;0;89
11;293;14;1;0;0;89
11;294;13;1;0;0;94
11;295;9;0;0;0;81
11;296;10;1;0;0;83
11;297;10;1;0;0;96
11;298;12;0;0;0;82
11;299;11;0;0;0;101
11;300;12;0;0;0;87
11;301;9;0;0;0;89
11;302;6;0;0;0;94
11;303;8;0;0;0;81
11;304;9;0;0;0;88
11;305;13;0;0;0;99
11;306;8;2;0;0;85
11;307;8;0;0;0;104
11;308;12;0;0;0;95
11;309;11;0;0;0;86
11;310;8;0;0;0;94
11;311;10;1;0;0;93
11;312;8;0;0;0;84
11;313;10;0;0;0;91
11;314;11;0;0;0;83
11;315;8;1;0;0;80
11;316;6;1;0;0;97
11;317;11;0;0;0;90
11;318;8;0;0;0;85
11;319;12;1;0;0;115
11;320;12;0;0;0;100
11;321;10;1;0;0;81
11;322;8;1;0;0;104
11;323;12;1;0;0;78
11;324;7;0;0;0;102
11;325;14;1;0;0;95
11;326;11;1;0;0;92
11;327;12;0;0;0;77
11;328;6;0;0;0;91
11;329;9;0;0;0;98
11;330;9;0;0;0;77
11;331;4;1;0;0;95
11;332;7;1;0;0;97
11;333;7;1;0;0;87
11;334;6;0;0;0;107
11;335;10;1;0;0;86
11;336;12;1;0;0;93
11;337;6;1;0;0;100
11;338;14;0;0;0;82
11;339;8;0;0;0;73
11;340;8;0;0;0;86
11;341;10;0;0;0;86
11;342;6;0;0;0;87
11;343;9;0;0;0;88
11;344;13;0;0;0;103
11;345;15;1;0;0;74
11;346;12;1;0;0;90
11;347;12;0;1;0;87
11;348;10;0;0;0;100
11;349;6;0;0;0;83
11;350;10;0;0;0;87
11;351;8;1;0;0;90
11;352;8;1;0;0;87
11;353;8;0;0;0;94
11;354;16;0;0;0;75
11;355;9;0;0;0;88
11;356;7;0;0;0;86
11;357;8;1;0;0;102
11;358;7;0;0;0;71
11;359;9;1;0;0;97
12;0;0;0;0;0;90
12;1;20;0;0;0;72
12;2;10;1;0;0;86
12;3;7;0;0;0;103
12;4;9;0;0;0;86
12;5;11;0;0;0;110
12;6;9;1;0;0;100
12;7;10;1;0;0;98
12;8;13;0;0;0;102
12;9;10;0;0;0;95
12;10;10;0;0;0;97
12;11;12;0;0;0;86
12;12;13;0;0;0;88
12;13;8;0;0;0;93
12;14;11;0;0;0;87
12;15;10;0;0;0;104
12;16;13;0;0;0;85
12;17;8;0;0;0;93
12;18;11;1;0;0;101
12;19;12;2;0;0;87
12;20;11;0;0;0;73
12;21;6;0;0;0;81
12;22;9;1;0;0;94
12;23;11;0;0;0;87
12;24;9;0;0;0;112
12;25;11;0;0;0;89
12;26;10;1;0;0;81
12;27;7;0;0;0;98
12;28;12;0;0;0;85
12;29;13;0;0;0;94
12;30;5;0;0;0;87
12;31;12;0;0;0;94
12;32;10;0;0;0;112
12;33;13;1;0;0;94
12;34;9;2;0;0;94
12;35;12;0;0;0;89
12;36;12;0;0;0;91
12;37;5;0;0;0;100
12;38;9;0;0;0;87
12;39;8;0;0;0;104
12;40;13;0;0;0;86
12;41;10;0;0;0;85
12;42;10;1;0;0;100
12;43;13;1;0;0;115
12;44;15;0;0;0;86
12;45;13;1;0;0;80
12;46;7;0;0;0;89
12;47;7;0;0;0;88
12;48;6;0;0;0;80
12;49;8;0;0;0;113
12;50;12;1;0;0;88
12;51;7;0;0;0;92
12;52;12;0;0;0;91
12;53;10;0;0;0;101
12;54;12;0;0;0;109
12;55;17;0;0;0;95
12;56;13;0;0;0;86
12;57;10;0;0;0;94
12;58;12;0;0;0;98
12;59;14;1;0;0;84
12;60;11;1;0;0;92
12;61;7;1;0;0;95
12;62;10;0;0;0;92
12;63;8;1;0;0;96
12;64;11;0;0;0;89
12;65;2;1;0;0;88
12;66;10;0;0;0;96
12;67;6;0;0;0;96
12;68;18;0;0;0;73
12;69;9;0;0;0;83
12;70;11;1;0;0;88
12;71;9;0;0;0;103
12;72;9;1;0;0;91
12;73;10;0;0;0;82
12;74;8;0;0;0;102
12;75;11;0;0;0;83
12;76;9;0;0;0;86
12;77;7;0;0;0;104
12;78;13;1;0;0;100
12;79;16;0;0;0;91
12;80;7;0;0;0;81
12;81;9;0;0;0;94
12;82;8;0;0;0;80
12;83;7;1;0;0;91
12;84;10;0;1;0;93
12;85;11;1;0;0;86
12;86;5;0;0;0;73
12;87;4;0;0;0;102
12;88;12;1;0;0;99
12;89;9;1;0;0;124
12;90;13;1;0;0;89
12;91;12;0;0;0;92
12;92;11;0;0;0;91
12;93;12;1;0;0;92
12;94;13;0;0;0;91
12;95;13;0;0;0;91
12;96;14;0;0;0;81
12;97;9;0;0;0;89
12;98;8;0;0;0;97
12;99;11;0;0;0;92
12;100;12;0;0;0;92
12;101;7;0;0;0;89
12;102;10;0;0;0;103
12;103;9;0;0;0;89
12;104;10;0;0;0;77
12;105;6;0;0;0;97
12;106;19;0;1;0;89
12;107;10;0;0;0;90
12;108;13;0;0;0;101
12;109;14;0;0;0;99
12;110;15;1;0;0;75
12;111;10;1;0;0;92
12;112;16;0;0;0;90
12;113;11;0;1;0;90
12;114;16;0;0;0;97
12;115;8;0;0;0;101
12;116;5;0;0;0;101
12;117;7;0;0;0;102
12;118;20;0;0;0;80
12;119;6;1;0;0;90
12;120;13;0;0;0;79
12;121;7;0;0;0;84
12;122;8;1;0;0;101
12;123;9;0;0;0;121
12;124;12;0;0;0;89
12;125;12;0;0;0;101
12;126;7;0;0;0;94
12;127;12;0;0;0;99
12;128;14;0;0;0;96
12;129;11;0;0;0;89
12;130;14;0;0;0;104
12;131;19;0;0;0;101
12;132;8;0;0;0;92
12;133;8;0;0;0;89
12;134;9;0;0;0;93
12;135;18;0;0;0;95
12;136;7;1;0;0;83
12;137;5;1;0;0;98
12;138;9;0;0;0;108
12;139;7;0;0;0;77
12;140;10;0;0;0;95
12;141;12;0;0;0;80
12;142;7;0;0;0;94
12;143;13;0;0;0;80
12;144;7;1;0;0;92
12;145;15;0;0;0;94
12;146;11;0;0;0;84
12;147;13;1;0;0;96
12;148;5;0;0;0;88
12;149;6;0;0;0;118
12;150;10;0;0;0;85
12;151;8;0;0;0;97
12;152;14;1;0;0;75
12;153;10;0;0;0;106
12;154;5;0;0;0;93
12;155;9;0;0;0;77
12;156;6;0;0;0;94
12;157;10;0;0;0;99
12;158;11;0;0;0;93
12;159;11;1;0;0;74
12;160;8;0;0;0;98
12;161;11;0;0;0;94
12;162;11;0;0;0;87
12;163;11;1;0;0;99
12;164;14;1;0;0;75
12;165;10;0;0;0;89
12;166;9;0;0;0;92
12;167;10;1;0;0;79
12;168;10;1;0;0;80
12;169;8;0;0;0;92
12;170;12;1;0;0;77
12;171;7;0;0;0;94
12;172;10;0;0;0;88
12;173;9;0;0;0;90
12;174;12;1;0;0;89
12;175;10;0;0;0;84
12;176;9;0;0;0;99
12;177;11;0;0;0;106
12;178;17;1;0;0;89
12;179;9;1;0;0;101
12;180;9;1;0;0;96
12;181;16;0;0;0;100
12;182;11;0;0;0;89
12;183;5;0;0;0;106
12;184;8;0;0;0;96
12;185;11;1;0;0;92
12;186;7;0;0;0;97
12;187;7;1;0;0;76
12;188;11;0;0;0;86
12;189;4;0;0;0;83
12;190;8;0;0;0;94
12;191;11;0;0;0;89
12;192;13;0;0;0;83
12;193;10;0;0;0;97
12;194;10;1;0;0;105
12;195;15;0;0;0;66
12;196;8;0;0;0;113
12;197;13;1;0;0;75
12;198;4;0;0;0;97
12;199;7;0;0;0;92
12;200;10;0;0;0;101
12;201;15;1;0;0;101
12;202;19;0;0;0;92
12;203;12;0;0;0;81
12;204;6;0;0;0;83
12;205;9;0;0;0;102
12;206;13;0;0;0;98
12;207;13;0;0;0;99
12;208;9;0;0;0;79
12;209;9;0;0;0;89
12;210;12;3;0;0;78
12;211;5;0;0;0;91
12;212;15;0;0;0;92
12;213;11;0;0;0;91
12;214;11;1;0;0;81
12;215;7;0;0;0;89
12;216;3;0;0;0;88
12;217;11;0;0;0;104
12;218;18;0;0;0;90
12;219;11;1;0;0;80
12;220;9;0;0;0;94
12;221;13;0;0;0;110
12;222;7;1;0;0;90
12;223;9;1;0;0;88
12;224;4;0;0;0;92
12;225;6;0;0;0;102
12;226;8;1;0;0;95
12;227;11;0;0;0;99
12;228;9;0;0;0;76
12;229;11;0;0;0;79
12;230;12;0;0;0;99
12;231;11;0;0;0;103
12;232;12;0;0;0;106
12;233;14;0;1;0;86
12;234;12;0;0;0;77
12;235;5;0;0;0;87
12;236;9;1;0;0;90
12;237;10;0;0;0;102
12;238;18;3;0;0;93
12;239;10;0;0;0;93
12;240;10;0;0;0;97
12;241;4;0;0;0;86
12;242;14;1;0;0;100
12;243;15;1;0;0;86
12;244;10;2;0;0;83
12;245;12;0;0;0;88
12;246;7;0;0;0;85
12;247;14;0;0;0;104
12;248;12;0;0;0;84
12;249;11;0;0;0;92
12;250;11;0;0;0;92
12;251;12;2;0;0;88
12;252;6;1;0;0;108
12;253;12;0;0;0;94
12;254;10;0;0;0;97
12;255;5;0;0;0;86
12;256;6;2;0;0;101
12;257;7;0;0;0;96
12;258;9;0;0;0;76
12;259;6;0;0;0;105
12;260;10;0;0;0;96
12;261;16;1;0;0;88
12;262;8;0;0;0;83
12;263;9;0;0;0;97
12;264;9;0;0;0;80
12;265;9;0;0;0;82
12;266;9;1;0;0;102
12;267;10;0;0;0;96
12;268;5;0;0;0;90
12;269;4;0;0;0;90
12;270;4;0;0;0;96
12;271;16;0;0;0;103
12;272;13;1;0;0;85
12;273;8;0;0;0;103
12;274;10;0;0;0;78
12;275;3;0;0;0;110
12;276;6;0;0;0;83
12;277;10;0;0;0;97
12;278;6;0;0;0;106
12;279;9;0;0;0;95
12;280;10;0;0;0;100
12;281;10;1;0;0;92
12;282;10;1;0;0;99
12;283;4;0;0;0;73
12;284;6;0;0;0;108
12;285;13;1;0;0;95
12;286;8;0;0;0;88
12;287;11;0;0;0;95
12;288;7;1;0;0;110
12;289;4;0;0;0;83
12;290;11;0;0;0;106
12;291;17;0;0;0;84
12;292;11;0;0;0;101
12;293;10;1;0;0;94
12;294;12;0;0;0;89
12;295;10;0;0;0;96
12;296;12;1;0;0;89
12;297;11;0;0;0;95
12;298;7;0;0;0;100
12;299;9;0;0;0;84
12;300;12;1;0;0;81
12;301;6;1;0;0;105
12;302;10;1;0;0;102
12;303;14;0;0;0;100
12;304;5;1;0;0;102
12;305;8;0;0;0;87
12;306;7;0;0;0;96
12;307;13;1;0;0;76
12;308;9;0;0;0;96
12;309;12;0;0;0;96
12;310;10;2;0;0;86
12;311;7;0;0;0;107
12;312;10;1;0;0;86
12;313;14;0;0;0;90
12;314;12;0;0;0;113
12;315;13;0;0;0;88
12;316;12;0;0;0;110
12;317;15;0;0;0;88
12;318;12;0;0;0;96
12;319;12;0;0;0;94
12;320;4;0;0;0;99
12;321;12;0;0;0;95
12;322;9;0;0;0;98
12;323;9;0;0;0;90
12;324;6;0;0;0;100
12;325;7;0;0;0;98
12;326;7;0;0;0;86
12;327;7;0;0;0;108
12;328;11;1;0;0;100
12;329;11;0;0;0;92
12;330;9;0;0;0;96
12;331;12;0;0;0;81
12;332;7;0;0;0;109
12;333;8;1;0;0;78
12;334;6;0;0;0;95
12;335;12;0;0;0;85
12;336;8;0;0;0;96
12;337;6;1;0;0;104
12;338;10;0;0;0;98
12;339;12;0;0;0;92
12;340;11;1;0;0;75
12;341;7;1;1;0;108
12;342;13;0;0;0;91
12;343;19;1;0;0;100
12;344;7;0;0;0;92
12;345;12;1;0;0;97
12;346;9;0;0;0;90
12;347;14;0;0;0;91
12;348;15;0;0;0;89
12;349;12;2;1;0;80
12;350;10;0;0;0;82
12;351;9;1;0;0;98
12;352;5;0;0;0;93
12;353;12;0;0;0;104
12;354;10;0;0;0;99
12;355;10;0;0;0;88
12;356;5;1;0;0;92
12;357;9;0;0;0;95
12;358;10;0;0;0;85
12;359;7;0;0;0;84
13;0;0;0;0;0;94
13;1;21;0;0;0;77
13;2;6;0;0;0;88
13;3;10;0;0;0;87
13;4;18;1;0;0;103
13;5;12;1;0;0;98
13;6;10;1;0;0;95
13;7;7;0;0;0;83
13;8;5;1;0;0;81
13;9;10;0;0;0;88
13;10;7;0;0;0;105
13;11;10;0;0;0;95
13;12;9;0;0;0;100
13;13;13;1;0;0;88
13;14;8;0;0;0;105
13;15;17;0;1;0;99
13;16;8;1;0;0;80
13;17;13;0;0;0;102
13;18;16;0;0;0;83
13;19;8;0;0;0;85
13;20;9;0;0;0;75
13;21;9;0;0;0;82
13;22;12;0;0;0;93
13;23;12;0;0;0;85
13;24;13;0;0;0;97
13;25;16;0;0;0;94
13;26;10;0;0;0;94
13;27;6;0;0;0;94
13;28;8;0;0;0;88
13;29;9;0;0;0;106
13;30;11;0;0;0;98
13;31;10;0;0;0;84
13;32;16;0;0;0;91
13;33;7;0;0;0;95
13;34;10;0;0;0;72
13;35;6;1;0;0;124
13;36;14;1;0;0;90
13;37;13;0;0;0;92
13;38;6;0;0;0;102
13;39;13;0;0;0;101
13;40;15;0;0;0;88
13;41;11;0;0;0;99
13;42;10;1;0;0;84
13;43;13;1;0;0;97
13;44;8;1;0;0;95
13;45;13;1;0;0;102
13;46;11;0;0;0;83
13;47;10;0;0;0;90
13;48;12;0;0;0;96
13;49;11;1;0;0;105
13;50;14;0;0;0;86
13;51;10;0;0;0;95
13;52;10;0;0;0;106
13;53;4;0;0;0;86
13;54;8;1;0;0;76
13;55;8;0;0;0;96
13;56;18;1;0;0;89
13;57;11;1;0;0;91
13;58;12;0;0;0;96
13;59;12;0;0;0;83
13;60;7;0;0;0;75
13;61;8;0;0;0;78
13;62;11;1;0;0;98
13;63;15;1;0;0;108
13;64;13;0;0;0;91
13;65;17;0;0;0;106
13;66;14;1;0;0;98
13;67;12;0;0;0;98
13;68;7;0;0;0;103
13;69;10;0;0;0;86
13;70;12;0;0;0;101
13;71;14;0;0;0;96
13;72;13;0;0;0;88
13;73;14;0;0;0;88
13;74;9;0;0;0;86
13;75;13;0;0;0;101
13;76;12;1;0;0;91
13;77;10;0;0;0;120
13;78;13;0;1;0;83
13;79;12;0;0;0;86
13;80;13;0;0;0;84
13;81;11;0;0;0;94
13;82;13;0;0;0;94
13;83;13;0;0;0;85
13;84;11;0;0;0;98
13;85;10;0;0;0;89
13;86;10;1;0;0;100
13;87;8;0;0;0;87
13;88;6;0;0;0;87
13;89;17;1;0;0;80
13;90;11;1;0;0;93
13;91;9;0;0;0;94
13;92;9;0;0;0;94
13;93;13;1;0;0;79
13;94;9;0;0;0;84
13;95;4;1;0;0;95
13;96;5;0;0;0;71
13;97;6;0;0;0;85
13;98;6;0;0;0;86
13;99;11;0;0;0;85
13;100;6;0;0;0;105
13;101;11;0;0;0;92
13;102;6;2;0;0;90
13;103;11;1;0;0;92
13;104;12;2;0;0;89
13;105;4;1;0;0;97
13;106;11;0;0;0;89
13;107;12;0;0;0;86
13;108;7;1;0;0;85
13;109;7;0;0;0;92
13;110;11;1;0;0;87
13;111;8;0;0;0;104
13;112;15;2;0;0;97
13;113;13;0;0;0;95
13;114;12;0;0;0;96
13;115;9;0;0;0;100
13;116;10;1;0;0;79
13;117;9;0;0;0;95
13;118;11;0;0;0;90
13;119;12;0;0;0;90
13;120;11;0;0;0;100
13;121;9;0;0;0;88
13;122;6;1;0;0;107
13;123;14;0;1;0;80
13;124;8;1;0;0;77
13;125;5;0;0;0;90
13;126;11;0;0;0;107
13;127;13;1;0;0;88
13;128;7;0;0;0;83
13;129;8;0;0;0;100
13;130;9;0;0;0;92
13;131;14;1;0;0;96
13;132;9;0;0;0;69
13;133;7;1;0;0;98
13;134;13;0;0;0;79
13;135;9;0;0;0;112
13;136;12;1;0;0;79
13;137;8;0;0;0;85
13;138;7;1;0;0;91
13;139;8;1;0;0;81
13;140;6;0;0;0;102
13;141;7;0;0;0;88
13;142;11;0;0;0;95
13;143;8;0;0;0;100
13;144;12;0;0;0;100
13;145;9;0;0;0;98
13;146;10;0;0;0;94
13;147;15;0;0;0;86
13;148;11;2;0;0;96
13;149;12;0;0;0;87
13;150;12;0;0;0;94
13;151;8;0;0;0;116
13;152;10;2;0;0;84
13;153;17;0;0;0;107
13;154;12;1;0;0;102
13;155;14;0;0;0;106
13;156;13;1;0;0;100
13;157;10;0;0;0;93
13;158;7;0;0;0;99
13;159;12;0;0;0;99
13;160;9;0;0;0;95
13;161;11;0;0;0;81
13;162;14;0;0;0;84
13;163;13;1;0;0;89
13;164;9;0;0;0;105
13;165;13;0;0;0;107
13;166;9;1;0;0;102
13;167;13;2;0;0;75
13;168;8;0;0;0;93
13;169;11;0;0;0;105
13;170;12;0;0;0;100
13;171;13;0;0;0;105
13;172;16;0;0;0;98
13;173;12;2;0;0;95
13;174;11;0;0;0;101
13;175;14;0;0;0;101
13;176;11;0;0;0;92
13;177;7;0;1;0;83
13;178;11;1;0;0;93
13;179;11;1;0;0;98
13;180;9;0;0;0;100
13;181;6;0;0;0;103
13;182;9;0;0;0;84
13;183;10;2;0;0;94
13;184;11;0;0;0;99
13;185;12;0;0;0;88
13;186;9;0;0;0;92
13;187;12;0;0;0;95
13;188;10;0;1;0;84
13;189;8;1;0;0;96
13;190;10;0;0;0;83
13;191;4;0;0;0;99
13;192;14;0;0;0;90
13;193;6;0;0;0;106
13;194;7;0;0;0;80
13;195;7;0;0;0;92
13;196;10;0;0;0;98
13;197;14;1;0;0;91
13;198;10;0;0;0;89
13;199;14;0;0;0;80
13;200;11;1;0;0;92
13;201;11;0;0;0;110
13;202;9;1;0;0;85
13;203;5;0;0;0;85
13;204;15;0;0;0;107
13;205;14;0;0;0;81
13;206;13;1;0;0;106
13;207;11;0;0;0;95
13;208;13;0;0;0;84
13;209;13;0;0;0;86
13;210;9;0;0;0;102
13;211;5;0;0;0;89
13;212;8;1;0;0;99
13;213;10;0;0;0;88
13;214;16;1;0;0;92
13;215;12;0;0;0;97
13;216;4;0;0;0;94
13;217;7;0;0;0;92
13;218;13;0;0;0;96
13;219;10;0;0;0;108
13;220;10;2;0;0;72
13;221;6;1;0;0;95
13;222;7;0;0;0;89
13;223;5;0;0;0;92
13;224;17;0;0;0;81
13;225;11;0;0;0;94
13;226;13;0;0;0;91
13;227;11;0;0;0;89
13;228;15;0;0;0;94
13;229;8;1;0;0;91
13;230;6;1;0;0;93
13;231;2;0;0;0;96
13;232;6;0;0;0;78
13;233;8;0;0;0;87
13;234;7;1;0;0;96
13;235;8;0;0;0;96
13;236;13;0;0;0;96
13;237;13;0;0;0;94
13;238;11;0;0;0;87
13;239;7;0;0;0;83
13;240;11;0;0;0;96
13;241;8;0;0;0;94
13;242;7;0;0;0;101
13;243;10;1;0;0;88
13;244;5;1;0;0;81
13;245;6;0;0;0;77
13;246;10;2;0;0;85
13;247;12;1;0;0;88
13;248;13;0;0;0;107
13;249;15;0;0;0;87
13;250;10;0;0;0;97
13;251;10;0;0;0;80
13;252;12;0;0;0;103
13;253;11;1;0;0;87
13;254;11;0;0;0;108
13;255;11;0;0;0;109
13;256;14;1;0;0;98
13;257;10;1;0;0;99
13;258;11;1;0;0;99
13;259;9;2;0;0;89
13;260;16;0;0;0;77
13;261;4;1;0;0;118
13;262;11;2;0;0;94
13;263;8;0;0;0;89
13;264;5;0;0;0;91
13;265;10;0;0;0;83
13;266;12;1;0;0;77
13;267;9;0;0;0;99
13;268;7;1;0;0;78
13;269;8;0;0;0;99
13;270;11;2;0;0;88
13;271;15;0;0;0;100
13;272;13;1;0;0;79
13;273;6;0;0;0;84
13;274;13;1;0;0;98
13;275;11;0;0;0;82
13;276;10;0;0;0;101
13;277;6;1;0;0;96
13;278;14;0;0;0;81
13;279;8;0;0;0;103
13;280;14;0;0;0;90
13;281;10;0;0;0;92
13;282;8;1;0;0;93
13;283;7;0;0;0;90
13;284;6;1;0;0;88
13;285;11;0;1;0;98
13;286;13;0;0;0;112
13;287;10;0;0;0;73
13;288;6;0;0;0;90
13;289;10;0;0;0;81
13;290;11;0;0;0;96
13;291;13;0;0;0;78
13;292;13;0;0;0;76
13;293;6;0;0;0;109
13;294;12;1;0;0;97
13;295;17;0;0;0;91
13;296;12;0;1;0;83
13;297;10;0;0;0;87
13;298;10;0;0;0;90
13;299;15;1;0;0;90
13;300;9;1;0;0;90
13;301;11;0;0;0;92
13;302;4;0;0;0;86
13;303;9;0;0;0;87
13;304;11;0;0;0;78
13;305;7;1;0;0;87
13;306;8;0;0;0;85
13;307;5;0;0;0;102
13;308;9;0;0;0;84
13;309;11;0;0;0;95
13;310;9;0;0;0;92
13;311;15;0;0;0;101
13;312;4;1;0;0;97
13;313;11;1;0;0;84
13;314;6;0;0;0;97
13;315;9;0;0;0;82
13;316;13;0;0;0;82
13;317;5;0;0;0;98
13;318;8;1;0;0;91
13;319;5;0;0;0;85
13;320;13;1;0;0;83
13;321;14;0;0;0;92
13;322;12;0;0;0;94
13;323;18;0;0;0;89
13;324;6;0;0;0;93
13;325;11;0;0;0;84
13;326;6;0;0;0;93
13;327;10;0;1;0;88
13;328;8;1;0;0;74
13;329;6;1;0;0;77
13;330;4;0;0;0;95
13;331;11;0;0;0;99
13;332;11;1;0;0;103
13;333;15;1;0;0;80
13;334;16;0;0;0;89
13;335;18;0;0;0;82
13;336;7;0;0;0;87
13;337;11;0;0;0;98
13;338;6;0;0;0;100
13;339;8;0;0;0;79
13;340;9;0;0;0;90
13;341;8;2;0;0;99
13;342;10;0;0;0;89
13;343;7;1;0;0;98
13;344;17;0;0;0;91
13;345;13;0;0;0;94
13;346;11;0;0;0;95
13;347;7;0;0;0;115
13;348;9;0;0;0;98
13;349;9;0;0;0;74
13;350;8;0;0;0;93
13;351;14;0;0;0;79
13;352;14;0;0;0;102
13;353;9;0;0;0;77
13;354;8;0;0;0;110
13;355;10;0;0;0;99
13;356;9;0;0;0;99
13;357;7;1;0;0;93
13;358;11;1;0;0;100
13;359;19;0;0;0;87
14;0;0;0;0;0;89
14;1;22;1;0;0;79
14;2;5;0;0;0;94
14;3;7;0;0;0;96
14;4;6;1;0;0;99
14;5;10;0;0;0;90
14;6;3;0;0;0;90
14;7;5;0;0;0;76
14;8;7;0;0;0;88
14;9;9;1;0;0;96
14;10;10;0;0;0;97
14;11;15;0;0;0;90
14;12;12;1;0;0;94
14;13;14;1;0;0;94
14;14;12;0;0;0;90
14;15;8;0;0;0;77
14;16;9;1;0;0;108
14;17;13;0;0;0;100
14;18;6;1;0;0;95
14;19;9;1;0;0;95
14;20;7;1;0;0;92
14;21;11;0;0;0;106
14;22;7;1;0;0;84
14;23;11;0;0;0;98
14;24;16;1;0;0;81
14;25;13;0;0;0;73
14;26;11;0;0;0;98
14;27;7;0;0;0;90
14;28;11;0;0;0;91
14;29;10;0;0;0;95
14;30;11;0;0;0;108
14;31;14;0;0;0;80
14;32;9;0;0;0;85
14;33;8;0;0;0;84
14;34;9;0;0;0;84
14;35;5;0;0;0;115
14;36;12;1;0;0;94
14;37;16;0;0;0;104
14;38;12;0;0;0;108
14;39;12;0;0;0;92
14;40;10;0;0;0;92
14;41;13;0;0;0;117
14;42;13;0;0;0;89
14;43;11;0;0;0;92
14;44;6;1;0;0;85
14;45;11;0;0;0;98
14;46;10;0;0;0;104
14;47;6;0;0;0;95
14;48;12;1;0;0;87
14;49;14;0;0;0;92
14;50;8;0;0;0;100
14;51;8;2;0;0;92
14;52;13;0;0;0;112
14;53;9;0;0;0;90
14;54;11;0;0;0;93
14;55;11;0;0;0;99
14;56;11;0;1;0;91
14;57;10;0;0;0;101
14;58;11;0;0;0;107
14;59;6;0;0;0;85
14;60;7;0;0;0;103
14;61;8;0;1;0;86
14;62;12;0;0;0;97
14;63;10;0;0;0;88
14;64;12;0;0;0;95
14;65;9;0;0;0;109
14;66;10;1;0;0;104
14;67;9;0;0;0;85
14;68;11;0;0;0;104
14;69;13;0;0;0;108
14;70;15;1;0;0;97
14;71;14;0;0;0;93
14;72;6;0;0;0;96
14;73;15;0;0;0;102
14;74;16;0;0;0;94
14;75;11;0;0;0;96
14;76;7;1;0;0;86
14;77;8;0;0;0;83
14;78;8;0;0;0;73
14;79;7;0;0;0;91
14;80;9;0;0;0;90
14;81;12;0;0;0;93
14;82;9;0;0;0;90
14;83;12;0;0;0;83
14;84;11;0;0;0;93
14;85;12;0;0;0;97
14;86;6;0;0;0;73
14;87;7;0;0;0;79
14;88;5;0;0;0;74
14;89;4;1;0;0;94
14;90;8;0;0;0;91
14;91;9;0;0;0;93
14;92;4;0;0;0;93
14;93;12;0;0;0;98
14;94;12;0;0;0;86
14;95;9;0;0;0;105
14;96;11;1;0;0;112
14;97;8;0;0;0;77
14;98;5;1;0;0;111
14;99;10;0;0;0;86
14;100;7;0;0;0;103
14;101;11;0;0;0;100
14;102;10;0;0;0;112
14;103;7;0;0;0;121
14;104;14;0;0;0;94
14;105;11;0;0;0;83
14;106;10;0;0;0;81
14;107;14;0;0;0;93
14;108;7;1;1;0;94
14;109;3;0;0;0;96
14;110;11;0;0;0;92
14;111;8;1;0;0;79
14;112;7;0;0;0;113
14;113;7;0;0;0;87
14;114;11;0;0;0;86
14;115;6;0;0;0;100
14;116;10;2;0;0;86
14;117;7;1;0;0;87
14;118;5;0;0;0;93
14;119;7;1;0;0;91
14;120;12;1;1;0;89
14;121;11;0;0;0;87
14;122;11;0;0;0;96
14;123;16;0;0;0;85
14;124;10;1;0;0;87
14;125;10;0;0;0;90
14;126;13;0;0;0;95
14;127;13;0;0;0;80
14;128;13;0;0;0;91
14;129;8;0;0;0;100
14;130;6;0;0;0;91
14;131;12;0;0;0;95
14;132;10;0;0;0;78
14;133;13;0;0;0;106
14;134;12;0;0;0;102
14;135;13;1;0;0;95
14;136;8;0;0;0;92
14;137;8;0;0;0;97
14;138;10;0;0;0;97
14;139;15;0;0;0;86
14;140;8;1;0;0;91
14;141;15;0;0;0;91
14;142;13;0;0;0;94
14;143;12;0;0;0;92
14;144;12;0;0;0;89
14;145;15;1;0;0;73
14;146;11;0;0;0;94
14;147;12;0;0;0;92
14;148;9;1;0;0;103
14;149;12;1;0;0;107
14;150;13;1;0;0;81
14;151;15;0;0;0;108
14;152;11;0;0;0;86
14;153;8;1;0;0;99
14;154;10;0;0;0;85
14;155;3;0;0;0;92
14;156;6;0;0;0;81
14;157;13;0;0;0;100
14;158;10;0;0;0;94
14;159;8;2;0;0;98
14;160;10;0;0;0;109
14;161;14;0;0;0;89
14;162;12;1;0;0;99
14;163;10;0;0;0;99
14;164;10;1;0;0;88
14;165;5;0;0;0;101
14;166;8;0;0;0;75
14;167;7;0;0;0;101
14;168;9;0;0;0;103
14;169;10;0;0;0;86
14;170;7;0;0;0;85
14;171;17;0;0;0;100
14;172;7;0;0;0;95
14;173;13;0;0;0;106
14;174;5;0;0;0;100
14;175;8;2;0;0;87
14;176;8;1;0;0;85
14;177;12;0;0;0;104
14;178;8;1;0;0;103
14;179;11;0;0;0;92
14;180;14;0;0;0;101
14;181;8;0;0;0;66
14;182;4;0;0;0;87
14;183;12;0;0;0;84
14;184;9;0;0;0;89
14;185;8;0;0;0;94
14;186;10;0;0;0;86
14;187;6;2;0;0;81
14;188;11;0;0;0;101
14;189;13;0;0;0;105
14;190;21;1;0;0;106
14;191;12;0;0;0;93
14;192;9;1;0;0;89
14;193;10;0;0;0;123
14;194;10;0;0;0;92
14;195;11;0;0;0;85
14;196;7;0;0;0;93
14;197;7;0;0;0;76
14;198;3;0;0;0;108
14;199;10;1;0;0;83
14;200;6;0;0;0;97
14;201;12;0;0;0;104
14;202;9;3;0;0;89
14;203;8;0;0;0;93
14;204;12;0;0;0;81
14;205;9;1;0;0;92
14;206;9;0;0;0;95
14;207;15;0;0;0;87
14;208;12;0;0;0;97
14;209;8;0;0;0;81
14;210;9;0;0;0;99
14;211;12;0;0;0;65
14;212;4;0;0;0;94
14;213;16;0;0;0;82
14;214;10;0;0;0;107
14;215;15;0;0;0;93
14;216;10;0;0;0;86
14;217;11;0;0;0;89
14;218;8;0;0;0;99
14;219;6;0;0;0;100
14;220;14;0;0;0;100
14;221;14;0;0;0;77
14;222;10;0;0;0;90
14;223;11;1;0;0;99
14;224;13;0;0;0;90
14;225;12;0;0;0;95
14;226;12;1;0;0;79
14;227;4;0;0;0;96
14;228;16;0;0;0;87
14;229;8;0;0;0;101
14;230;14;0;0;0;91
14;231;4;0;0;0;88
14;232;14;0;0;0;93
14;233;8;0;0;0;98
14;234;12;0;0;0;88
14;235;9;0;0;0;81
14;236;14;1;0;0;91
14;237;6;0;0;0;87
14;238;9;1;0;0;108
14;239;8;0;0;0;104
14;240;12;0;1;0;100
14;241;11;0;1;0;85
14;242;8;0;0;0;90
14;243;10;0;0;0;83
14;244;11;2;0;0;97
14;245;9;0;0;0;89
14;246;5;0;0;0;94
14;247;11;1;0;0;95
14;248;9;2;0;0;87
14;249;13;0;0;0;87
14;250;8;0;0;0;86
14;251;11;0;0;0;96
14;252;7;0;0;0;99
14;253;14;0;0;0;92
14;254;17;0;0;0;92
14;255;9;0;0;0;105
14;256;11;0;0;0;89
14;257;10;0;0;0;90
14;258;8;1;0;0;97
14;259;12;2;0;0;102
14;260;10;0;0;0;94
14;261;13;0;0;0;90
14;262;8;0;0;0;95
14;263;8;0;0;0;87
14;264;7;0;0;0;102
14;265;12;0;0;0;85
14;266;5;0;0;0;92
14;267;6;1;0;0;91
14;268;9;1;0;0;90
14;269;7;1;0;0;104
14;270;16;1;0;0;88
14;271;9;1;0;0;98
14;272;6;0;0;0;99
14;273;14;1;0;0;80
14;274;9;0;0;0;123
14;275;5;0;0;0;113
14;276;12;1;0;0;94
14;277;10;0;0;0;92
14;278;9;0;0;0;88
14;279;5;0;0;0;104
14;280;12;0;0;0;95
14;281;8;0;0;0;91
14;282;13;0;0;0;102
14;283;17;0;0;0;92
14;284;8;0;0;0;92
14;285;9;1;0;0;85
14;286;9;0;0;0;111
14;287;16;0;0;0;100
14;288;7;0;0;0;90
14;289;13;1;0;0;105
14;290;21;1;0;0;107
14;291;7;0;0;0;94
14;292;14;0;0;0;97
14;293;13;0;0;0;92
14;294;9;0;1;0;79
14;295;8;0;0;0;97
14;296;9;2;0;0;78
14;297;6;0;0;0;111
14;298;9;0;0;0;87
14;299;10;0;0;0;91
14;300;9;0;0;0;94
14;301;7;0;0;0;77
14;302;9;1;0;0;91
14;303;12;0;0;0;91
14;304;8;0;0;0;110
14;305;13;0;0;0;89
14;306;9;1;0;0;88
14;307;9;0;0;0;99
14;308;3;1;0;0;100
14;309;7;0;0;0;88
14;310;15;0;0;0;72
14;311;9;0;0;0;90
14;312;14;0;0;0;97
14;313;10;0;0;0;110
14;314;16;1;0;0;95
14;315;10;0;0;0;94
14;316;8;0;0;0;99
14;317;8;0;0;0;89
14;318;9;0;0;0;95
14;319;13;1;0;0;87
14;320;14;0;0;0;107
14;321;10;0;0;0;84
14;322;4;0;0;0;101
14;323;7;0;0;0;88
14;324;9;0;0;0;80
14;325;8;0;0;0;103
14;326;11;0;0;0;107
14;327;8;0;0;0;89
14;328;10;1;0;0;83
14;329;9;0;0;0;122
14;330;14;0;0;0;104
14;331;16;0;0;0;94
14;332;11;0;0;0;103
14;333;15;0;0;0;96
14;334;10;0;0;0;85
14;335;7;0;0;0;93
14;336;7;0;0;0;93
14;337;7;0;0;0;75
14;338;6;0;0;0;95
14;339;12;0;0;0;94
14;340;18;0;0;0;81
14;341;13;0;0;0;96
14;342;9;0;0;0;94
14;343;7;0;0;0;91
14;344;13;0;0;0;96
14;345;6;0;0;0;92
14;346;8;0;0;0;102
14;347;13;1;0;0;97
14;348;5;0;0;0;81
14;349;4;0;0;0;83
14;350;2;0;0;0;99
14;351;10;0;0;0;82
14;352;10;1;0;0;104
14;353;5;1;0;0;100
14;354;7;0;0;0;87
14;355;8;0;0;0;99
14;356;8;0;0;0;91
14;357;12;0;0;0;95
14;358;11;0;0;0;104
14;359;16;0;0;0;95
