Step;brand_0;avg_purchases_0;std0;min0;max0;brand_1;avg_purchases_1;std1;min1;max1;brand_2;avg_purchases_2;std2;min2;max2;brand_3;avg_purchases_3;std3;min3;max3



0;0;23.733333333333334;4,0083;19,0000;32,0000;1;28.733333333333334;5,7875;21,0000;39,0000;2;17.4;3,8877;12,0000;26,0000;3;21.866666666666667;4,8236;14,0000;32,0000
1;0;25.166666666666668;4,8215;19,0000;37,0000;1;29.6;5,0213;21,0000;39,0000;2;17.9;4,2374;10,0000;26,0000;3;23.233333333333334;4,7028;14,0000;33,0000
2;0;24.822222222222223;4,7687;15,0000;37,0000;1;29.42222222222222;4,9059;21,0000;42,0000;2;18.244444444444444;4,2542;10,0000;27,0000;3;24.711111111111112;5,0210;14,0000;35,0000
3;0;25.166666666666668;4,4728;15,0000;37,0000;1;29.85;5,2781;20,0000;42,0000;2;18.033333333333335;4,2902;10,0000;27,0000;3;25.4;5,2568;14,0000;38,0000
4;0;25.186666666666667;4,5491;15,0000;37,0000;1;30.253333333333334;5,2275;20,0000;43,0000;2;18.706666666666667;4,4442;10,0000;29,0000;3;25.813333333333333;5,5670;14,0000;38,0000
5;0;25.677777777777777;4,7234;15,0000;37,0000;1;30.0;5,4153;19,0000;43,0000;2;18.744444444444444;4,3924;10,0000;29,0000;3;26.177777777777777;5,4455;14,0000;38,0000
6;0;26.142857142857146;4,9253;15,0000;41,0000;1;29.876190476190477;5,2380;19,0000;43,0000;2;19.00952380952381;4,2392;10,0000;29,0000;3;26.123809523809523;5,4326;14,0000;38,0000
7;0;26.266666666666666;4,9548;15,0000;41,0000;1;29.833333333333332;5,0332;19,0000;43,0000;2;19.241666666666667;4,2683;10,0000;29,0000;3;26.333333333333336;5,5281;14,0000;39,0000
8;0;26.4;4,9868;15,0000;41,0000;1;29.77777777777778;4,9605;19,0000;43,0000;2;19.11851851851852;4,3298;10,0000;29,0000;3;26.370370370370374;5,4850;14,0000;39,0000
9;0;26.4;4,9003;15,0000;41,0000;1;29.76;4,8958;19,0000;43,0000;2;19.033333333333335;4,2732;10,0000;29,0000;3;26.466666666666665;5,3491;14,0000;39,0000
10;0;26.448484848484846;5,1103;15,0000;46,0000;1;29.842424242424244;4,9767;19,0000;45,0000;2;19.115151515151517;4,2847;10,0000;29,0000;3;26.721212121212123;5,3904;14,0000;39,0000
11;0;26.322222222222223;5,0822;15,0000;46,0000;1;29.866666666666667;5,1702;19,0000;48,0000;2;19.066666666666666;4,1650;10,0000;29,0000;3;26.83888888888889;5,2896;14,0000;39,0000
12;0;26.33846153846154;5,1039;15,0000;46,0000;1;29.846153846153847;5,1630;19,0000;48,0000;2;18.974358974358974;4,1535;10,0000;29,0000;3;26.800000000000004;5,2726;14,0000;39,0000
13;0;26.385714285714286;5,1762;15,0000;46,0000;1;29.795238095238094;5,1967;19,0000;48,0000;2;19.02857142857143;4,2256;10,0000;30,0000;3;26.795238095238098;5,1607;14,0000;39,0000
14;0;26.22222222222222;5,1508;15,0000;46,0000;1;29.697777777777777;5,1293;19,0000;48,0000;2;18.982222222222223;4,1393;10,0000;30,0000;3;26.808888888888887;5,2248;14,0000;39,0000
15;0;26.041666666666664;5,1762;15,0000;46,0000;1;29.908333333333335;5,2630;19,0000;48,0000;2;19.0125;4,0792;10,0000;30,0000;3;26.708333333333336;5,1924;13,0000;39,0000
16;0;26.176470588235297;5,1890;15,0000;46,0000;1;29.905882352941177;5,3668;18,0000;48,0000;2;19.058823529411764;4,0392;10,0000;30,0000;3;26.682352941176468;5,2471;13,0000;39,0000
17;0;26.11851851851852;5,1187;15,0000;46,0000;1;29.92962962962963;5,3019;18,0000;48,0000;2;19.09259259259259;4,0105;10,0000;30,0000;3;26.470370370370368;5,2990;13,0000;39,0000
18;0;26.09824561403509;5,0822;15,0000;46,0000;1;29.898245614035087;5,2494;18,0000;48,0000;2;18.943859649122807;4,1398;8,0000;30,0000;3;26.42105263157895;5,2660;13,0000;39,0000
19;0;26.113333333333333;5,0204;15,0000;46,0000;1;29.926666666666666;5,2037;18,0000;48,0000;2;19.03;4,1368;8,0000;30,0000;3;26.410000000000004;5,2339;13,0000;39,0000
20;0;26.12063492063492;5,0005;15,0000;46,0000;1;29.90793650793651;5,1944;18,0000;48,0000;2;18.974603174603175;4,1091;8,0000;30,0000;3;26.365079365079364;5,2960;13,0000;39,0000
21;0;26.14242424242424;4,9644;15,0000;46,0000;1;30.01818181818182;5,2725;18,0000;48,0000;2;18.996969696969696;4,0652;8,0000;30,0000;3;26.439393939393938;5,3666;13,0000;39,0000
22;0;26.18550724637681;4,9398;15,0000;46,0000;1;30.014492753623188;5,2254;18,0000;48,0000;2;18.93913043478261;4,0130;8,0000;30,0000;3;26.414492753623186;5,3265;13,0000;39,0000
23;0;26.15277777777778;4,9309;15,0000;46,0000;1;30.1;5,2376;18,0000;48,0000;2;18.96388888888889;4,0051;8,0000;30,0000;3;26.477777777777778;5,2972;13,0000;39,0000
24;0;26.154666666666664;5,0397;14,0000;46,0000;1;30.122666666666667;5,2188;18,0000;48,0000;2;18.96;4,0135;8,0000;30,0000;3;26.498666666666665;5,2412;13,0000;39,0000
25;0;26.25897435897436;5,1103;14,0000;46,0000;1;30.10769230769231;5,1730;18,0000;48,0000;2;19.04871794871795;4,0543;8,0000;30,0000;3;26.45641025641026;5,1812;13,0000;39,0000
26;0;26.182716049382716;5,0826;14,0000;46,0000;1;30.0962962962963;5,1544;18,0000;48,0000;2;19.02716049382716;4,0659;8,0000;30,0000;3;26.530864197530867;5,2249;13,0000;42,0000
27;0;26.13095238095238;5,1097;14,0000;46,0000;1;30.107142857142854;5,1331;18,0000;48,0000;2;19.13095238095238;4,0674;8,0000;30,0000;3;26.528571428571432;5,1850;13,0000;42,0000
28;0;26.186206896551724;5,1004;14,0000;46,0000;1;30.140229885057472;5,1852;18,0000;48,0000;2;19.165517241379312;4,0703;8,0000;31,0000;3;26.597701149425284;5,2672;13,0000;44,0000
29;0;26.240000000000002;5,0846;14,0000;46,0000;1;30.115555555555552;5,2058;18,0000;48,0000;2;19.16;4,1132;8,0000;31,0000;3;26.58888888888889;5,2201;13,0000;44,0000
30;0;26.24301075268817;5,0428;14,0000;46,0000;1;30.0752688172043;5,2074;18,0000;48,0000;2;19.129032258064516;4,1310;8,0000;31,0000;3;26.649462365591397;5,2176;13,0000;44,0000
31;0;26.245833333333334;5,0279;14,0000;46,0000;1;30.085416666666667;5,1922;18,0000;48,0000;2;19.204166666666666;4,1697;8,0000;31,0000;3;26.65625;5,3516;13,0000;52,0000
32;0;26.260606060606058;4,9702;14,0000;46,0000;1;30.11717171717172;5,1651;18,0000;48,0000;2;19.22828282828283;4,1557;8,0000;31,0000;3;26.632323232323234;5,3196;13,0000;52,0000
33;0;26.294117647058822;4,9623;14,0000;46,0000;1;30.12549019607843;5,2505;18,0000;48,0000;2;19.188235294117646;4,1843;8,0000;31,0000;3;26.63137254901961;5,2667;13,0000;52,0000
34;0;26.354285714285716;4,9467;14,0000;46,0000;1;30.207619047619048;5,2394;18,0000;48,0000;2;19.16761904761905;4,1868;8,0000;31,0000;3;26.653333333333332;5,2329;13,0000;52,0000
35;0;26.325925925925922;4,9638;14,0000;46,0000;1;30.209259259259262;5,2569;17,0000;48,0000;2;19.13148148148148;4,2145;8,0000;31,0000;3;26.629629629629626;5,2198;13,0000;52,0000
36;0;26.394594594594594;5,0468;14,0000;46,0000;1;30.196396396396395;5,2369;17,0000;48,0000;2;19.142342342342342;4,2101;8,0000;31,0000;3;26.65405405405405;5,2304;13,0000;52,0000
37;0;26.44210526315789;5,0241;14,0000;46,0000;1;30.150877192982456;5,2275;17,0000;48,0000;2;19.178947368421053;4,1804;8,0000;31,0000;3;26.71578947368421;5,2105;13,0000;52,0000
38;0;26.490598290598292;5,0270;14,0000;46,0000;1;30.169230769230772;5,1741;17,0000;48,0000;2;19.172649572649572;4,1635;8,0000;31,0000;3;26.723076923076928;5,1947;13,0000;52,0000
39;0;26.501666666666665;5,0148;14,0000;46,0000;1;30.09;5,1552;17,0000;48,0000;2;19.17;4,1745;8,0000;31,0000;3;26.68333333333333;5,2158;13,0000;52,0000
40;0;26.520325203252032;4,9983;14,0000;46,0000;1;30.048780487804876;5,1455;17,0000;48,0000;2;19.16910569105691;4,1625;8,0000;31,0000;3;26.702439024390245;5,1768;13,0000;52,0000
41;0;26.520634920634922;4,9569;14,0000;46,0000;1;30.01111111111111;5,1206;17,0000;48,0000;2;19.166666666666664;4,1543;8,0000;31,0000;3;26.719047619047622;5,1526;13,0000;52,0000
42;0;26.482170542635657;4,9540;14,0000;46,0000;1;30.003100775193797;5,1372;16,0000;48,0000;2;19.217054263565892;4,1843;8,0000;31,0000;3;26.728682170542633;5,1532;13,0000;52,0000
43;0;26.43333333333333;4,9618;14,0000;46,0000;1;29.951515151515153;5,1515;16,0000;48,0000;2;19.206060606060607;4,1767;8,0000;31,0000;3;26.737878787878792;5,1799;13,0000;52,0000
44;0;26.437037037037033;4,9571;14,0000;46,0000;1;29.915555555555557;5,1876;16,0000;48,0000;2;19.185185185185183;4,1564;8,0000;31,0000;3;26.687407407407406;5,1694;13,0000;52,0000
45;0;26.386956521739126;4,9613;14,0000;46,0000;1;29.89710144927536;5,1643;16,0000;48,0000;2;19.240579710144928;4,1639;8,0000;31,0000;3;26.71014492753623;5,1446;13,0000;52,0000
46;0;26.401418439716313;4,9318;14,0000;46,0000;1;29.916312056737592;5,1822;16,0000;48,0000;2;19.245390070921985;4,1531;8,0000;31,0000;3;26.693617021276594;5,1536;13,0000;52,0000
47;0;26.402777777777782;4,9235;14,0000;46,0000;1;29.906944444444445;5,1833;16,0000;48,0000;2;19.252777777777776;4,1529;8,0000;31,0000;3;26.68333333333333;5,1882;13,0000;52,0000
48;0;26.40136054421769;4,9196;14,0000;46,0000;1;29.95374149659864;5,1894;16,0000;48,0000;2;19.214965986394557;4,1449;8,0000;31,0000;3;26.700680272108844;5,2022;13,0000;52,0000
49;0;26.397333333333332;4,9199;14,0000;46,0000;1;29.95733333333333;5,1750;16,0000;48,0000;2;19.232;4,1416;8,0000;31,0000;3;26.70266666666667;5,2036;13,0000;52,0000
50;0;26.431372549019606;4,9690;14,0000;46,0000;1;29.943790849673203;5,1740;16,0000;48,0000;2;19.250980392156862;4,1351;8,0000;31,0000;3;26.677124183006534;5,2034;13,0000;52,0000
51;0;26.455128205128204;4,9779;14,0000;46,0000;1;29.96923076923077;5,1637;16,0000;48,0000;2;19.235897435897435;4,1177;8,0000;31,0000;3;26.651282051282053;5,2078;13,0000;52,0000
52;0;26.4251572327044;4,9568;14,0000;46,0000;1;30.00503144654088;5,1450;16,0000;48,0000;2;19.262893081761007;4,1414;8,0000;31,0000;3;26.69308176100629;5,1965;13,0000;52,0000
53;0;26.439506172839504;4,9658;14,0000;46,0000;1;29.997530864197532;5,1908;16,0000;48,0000;2;19.293827160493823;4,1638;8,0000;34,0000;3;26.71358024691358;5,2190;13,0000;52,0000
54;0;26.472727272727276;4,9600;14,0000;46,0000;1;29.964848484848485;5,1870;16,0000;48,0000;2;19.253333333333334;4,1743;8,0000;34,0000;3;26.73090909090909;5,1917;13,0000;52,0000
55;0;26.44761904761905;4,9481;14,0000;46,0000;1;29.995238095238093;5,1680;16,0000;48,0000;2;19.251190476190477;4,1609;8,0000;34,0000;3;26.728571428571428;5,1839;13,0000;52,0000
56;0;26.437426900584796;4,9281;14,0000;46,0000;1;30.0187134502924;5,1527;16,0000;48,0000;2;19.281871345029238;4,1895;8,0000;34,0000;3;26.761403508771927;5,1889;13,0000;52,0000
57;0;26.428735632183912;4,9127;14,0000;46,0000;1;30.00459770114943;5,1406;16,0000;48,0000;2;19.291954022988506;4,1723;8,0000;34,0000;3;26.75862068965517;5,1753;13,0000;52,0000
58;0;26.465536723163844;4,9340;14,0000;46,0000;1;30.014689265536724;5,1250;16,0000;48,0000;2;19.293785310734464;4,1662;8,0000;34,0000;3;26.763841807909607;5,1627;13,0000;52,0000
59;0;26.46333333333333;4,9117;14,0000;46,0000;1;29.95777777777778;5,1451;16,0000;48,0000;2;19.321111111111115;4,1662;8,0000;34,0000;3;26.79444444444444;5,1583;13,0000;52,0000
60;0;26.430601092896172;4,9088;14,0000;46,0000;1;29.9672131147541;5,1370;16,0000;48,0000;2;19.344262295081972;4,1872;8,0000;34,0000;3;26.79672131147541;5,1539;13,0000;52,0000
61;0;26.418279569892473;4,9181;14,0000;46,0000;1;29.979569892473116;5,1407;16,0000;48,0000;2;19.34623655913979;4,1811;8,0000;34,0000;3;26.820430107526885;5,1250;13,0000;52,0000
62;0;26.419047619047618;4,9425;14,0000;46,0000;1;29.99047619047619;5,1395;16,0000;48,0000;2;19.324867724867723;4,1748;8,0000;34,0000;3;26.840211640211646;5,1316;12,0000;52,0000
63;0;26.357291666666665;4,9903;14,0000;46,0000;1;30.016666666666666;5,1452;16,0000;48,0000;2;19.326041666666665;4,1839;8,0000;34,0000;3;26.838541666666664;5,1259;12,0000;52,0000
64;0;26.346666666666668;4,9993;14,0000;46,0000;1;29.968205128205128;5,1341;16,0000;48,0000;2;19.326153846153847;4,1717;8,0000;34,0000;3;26.850256410256414;5,1091;12,0000;52,0000
65;0;26.305050505050506;5,0094;14,0000;46,0000;1;29.96363636363636;5,1145;16,0000;48,0000;2;19.34040404040404;4,1660;8,0000;34,0000;3;26.837373737373735;5,1104;12,0000;52,0000
66;0;26.32636815920398;5,0386;13,0000;46,0000;1;29.99004975124378;5,1037;16,0000;48,0000;2;19.333333333333336;4,1596;8,0000;34,0000;3;26.851741293532335;5,1095;12,0000;52,0000
67;0;26.305882352941172;5,0391;13,0000;46,0000;1;29.990196078431374;5,0928;16,0000;48,0000;2;19.34019607843137;4,1946;8,0000;34,0000;3;26.82843137254902;5,1099;12,0000;52,0000
68;0;26.285024154589376;5,0440;13,0000;46,0000;1;29.952657004830918;5,0919;16,0000;48,0000;2;19.340096618357485;4,1918;8,0000;34,0000;3;26.819323671497585;5,1126;12,0000;52,0000
69;0;26.311428571428575;5,0501;13,0000;46,0000;1;29.90571428571429;5,0896;16,0000;48,0000;2;19.361904761904768;4,2077;8,0000;34,0000;3;26.868571428571425;5,1413;12,0000;52,0000
70;0;26.326760563380283;5,0440;13,0000;46,0000;1;29.890140845070423;5,0928;16,0000;48,0000;2;19.36244131455399;4,2222;8,0000;34,0000;3;26.877934272300468;5,1502;12,0000;52,0000
71;0;26.30648148148148;5,0243;13,0000;46,0000;1;29.878703703703703;5,0862;16,0000;48,0000;2;19.346296296296302;4,2390;8,0000;34,0000;3;26.87777777777778;5,1338;12,0000;52,0000
72;0;26.275799086757996;5,0307;13,0000;46,0000;1;29.858447488584474;5,0833;16,0000;48,0000;2;19.38630136986301;4,2677;8,0000;34,0000;3;26.901369863013695;5,1379;12,0000;52,0000
73;0;26.250450450450455;5,0334;13,0000;46,0000;1;29.846846846846848;5,0972;16,0000;48,0000;2;19.390090090090087;4,2552;8,0000;34,0000;3;26.882882882882882;5,1529;12,0000;52,0000
74;0;26.252444444444443;5,0157;13,0000;46,0000;1;29.85333333333334;5,1033;16,0000;48,0000;2;19.420444444444442;4,3012;8,0000;34,0000;3;26.883555555555557;5,1440;12,0000;52,0000
75;0;26.238596491228073;5,0140;13,0000;46,0000;1;29.86315789473684;5,1025;16,0000;48,0000;2;19.43333333333333;4,3004;8,0000;34,0000;3;26.899999999999995;5,1366;12,0000;52,0000
76;0;26.24848484848485;5,0076;13,0000;46,0000;1;29.85108225108225;5,1055;16,0000;48,0000;2;19.419047619047625;4,3010;8,0000;34,0000;3;26.898701298701297;5,1191;12,0000;52,0000
77;0;26.26752136752137;5,0133;13,0000;46,0000;1;29.840170940170943;5,1140;16,0000;48,0000;2;19.430769230769236;4,3105;8,0000;34,0000;3;26.879487179487185;5,1146;12,0000;52,0000
78;0;26.264978902953583;5,0019;13,0000;46,0000;1;29.808438818565396;5,1386;16,0000;48,0000;2;19.43966244725739;4,3110;8,0000;34,0000;3;26.870886075949368;5,1077;12,0000;52,0000
79;0;26.261666666666667;4,9999;13,0000;46,0000;1;29.807499999999997;5,1395;16,0000;48,0000;2;19.442500000000003;4,3022;8,0000;34,0000;3;26.867499999999996;5,1085;12,0000;52,0000
80;0;26.305349794238687;5,0067;13,0000;46,0000;1;29.799176954732516;5,1337;16,0000;48,0000;2;19.446090534979426;4,2942;8,0000;34,0000;3;26.87736625514403;5,1013;12,0000;52,0000
81;0;26.332520325203255;5,0137;13,0000;46,0000;1;29.797560975609752;5,1323;16,0000;48,0000;2;19.44146341463415;4,3060;8,0000;34,0000;3;26.846341463414635;5,1052;12,0000;52,0000
82;0;26.35582329317269;5,0012;13,0000;46,0000;1;29.769477911646582;5,1363;16,0000;48,0000;2;19.45060240963856;4,2946;8,0000;34,0000;3;26.85943775100402;5,1049;12,0000;52,0000
83;0;26.36031746031746;4,9953;13,0000;46,0000;1;29.775396825396825;5,1418;16,0000;48,0000;2;19.43174603174603;4,2858;8,0000;34,0000;3;26.863492063492068;5,0998;12,0000;52,0000
84;0;26.354509803921566;4,9811;13,0000;46,0000;1;29.77333333333333;5,1332;16,0000;48,0000;2;19.427450980392155;4,2729;8,0000;34,0000;3;26.821176470588238;5,1148;12,0000;52,0000
85;0;26.347286821705428;4,9877;13,0000;46,0000;1;29.803100775193798;5,1405;16,0000;48,0000;2;19.41937984496124;4,2674;8,0000;34,0000;3;26.796899224806204;5,1137;12,0000;52,0000
86;0;26.341762452107282;4,9735;13,0000;46,0000;1;29.794636015325676;5,1277;16,0000;48,0000;2;19.4360153256705;4,2701;8,0000;34,0000;3;26.806896551724137;5,1107;12,0000;52,0000
87;0;26.35227272727273;4,9664;13,0000;46,0000;1;29.782575757575756;5,1263;16,0000;48,0000;2;19.42651515151515;4,2641;8,0000;34,0000;3;26.814393939393938;5,1048;12,0000;52,0000
88;0;26.349812734082395;4,9524;13,0000;46,0000;1;29.80149812734082;5,1278;16,0000;48,0000;2;19.409737827715354;4,2591;8,0000;34,0000;3;26.800749063670413;5,0916;12,0000;52,0000
89;0;26.332592592592594;4,9591;13,0000;46,0000;1;29.83111111111111;5,1479;16,0000;48,0000;2;19.418518518518525;4,2507;8,0000;34,0000;3;26.78222222222222;5,0957;12,0000;52,0000
90;0;26.315750915750918;4,9631;13,0000;46,0000;1;29.805860805860803;5,1454;16,0000;48,0000;2;19.39267399267399;4,2593;8,0000;34,0000;3;26.779487179487184;5,0838;12,0000;52,0000
91;0;26.332608695652176;4,9644;13,0000;46,0000;1;29.81521739130435;5,1318;16,0000;48,0000;2;19.41521739130435;4,2627;8,0000;34,0000;3;26.77463768115942;5,0794;12,0000;52,0000
92;0;26.3247311827957;4,9552;13,0000;46,0000;1;29.82150537634409;5,1301;16,0000;48,0000;2;19.413620071684583;4,2653;8,0000;34,0000;3;26.769892473118283;5,0767;12,0000;52,0000
93;0;26.299290780141842;4,9593;13,0000;46,0000;1;29.821276595744685;5,1184;16,0000;48,0000;2;19.41063829787234;4,2614;8,0000;34,0000;3;26.78439716312057;5,0819;12,0000;52,0000
94;0;26.307368421052633;4,9555;13,0000;46,0000;1;29.808421052631576;5,1212;16,0000;48,0000;2;19.41473684210526;4,2596;8,0000;34,0000;3;26.774035087719298;5,0701;12,0000;52,0000
95;0;26.304166666666664;4,9602;13,0000;46,0000;1;29.795138888888893;5,1034;16,0000;48,0000;2;19.409027777777776;4,2645;8,0000;34,0000;3;26.76319444444444;5,0622;12,0000;52,0000
96;0;26.31683848797251;4,9592;13,0000;46,0000;1;29.789003436426114;5,1051;16,0000;48,0000;2;19.40893470790378;4,2590;8,0000;34,0000;3;26.740893470790375;5,0847;12,0000;52,0000
97;0;26.305442176870752;4,9606;13,0000;46,0000;1;29.799999999999997;5,0885;16,0000;48,0000;2;19.410884353741498;4,2439;8,0000;34,0000;3;26.737414965986392;5,0748;12,0000;52,0000
98;0;26.315151515151516;4,9680;13,0000;46,0000;1;29.80471380471381;5,0853;16,0000;48,0000;2;19.410774410774412;4,2450;8,0000;34,0000;3;26.73737373737374;5,0640;12,0000;52,0000
99;0;26.305333333333333;4,9599;13,0000;46,0000;1;29.796666666666663;5,0828;16,0000;48,0000;2;19.422666666666668;4,2311;8,0000;34,0000;3;26.741333333333337;5,0527;12,0000;52,0000
100;0;26.292409240924094;4,9591;13,0000;46,0000;1;29.80726072607261;5,0825;16,0000;48,0000;2;19.40858085808581;4,2297;8,0000;34,0000;3;26.74455445544554;5,0483;12,0000;52,0000
101;0;26.307189542483663;4,9513;13,0000;46,0000;1;29.817647058823532;5,0867;16,0000;48,0000;2;19.401960784313722;4,2374;8,0000;34,0000;3;26.754901960784316;5,0576;12,0000;52,0000
102;0;26.297734627831716;4,9405;13,0000;46,0000;1;29.788996763754042;5,0885;15,0000;48,0000;2;19.392880258899673;4,2502;8,0000;34,0000;3;26.744983818770226;5,0516;12,0000;52,0000
103;0;26.290384615384617;4,9399;13,0000;46,0000;1;29.780769230769227;5,0912;15,0000;48,0000;2;19.396153846153844;4,2503;8,0000;34,0000;3;26.739102564102563;5,0488;12,0000;52,0000
104;0;26.276190476190475;4,9413;13,0000;46,0000;1;29.754285714285714;5,0875;15,0000;48,0000;2;19.413968253968257;4,2570;8,0000;34,0000;3;26.734603174603173;5,0284;12,0000;52,0000
105;0;26.289308176100626;4,9354;13,0000;46,0000;1;29.774213836477983;5,0860;15,0000;48,0000;2;19.421383647798745;4,2577;8,0000;34,0000;3;26.72830188679245;5,0387;12,0000;52,0000
106;0;26.305919003115264;4,9315;13,0000;46,0000;1;29.78691588785047;5,0927;15,0000;48,0000;2;19.42679127725857;4,2708;8,0000;34,0000;3;26.72897196261682;5,0258;12,0000;52,0000
107;0;26.31234567901235;4,9437;13,0000;46,0000;1;29.793827160493823;5,1048;15,0000;48,0000;2;19.45246913580247;4,2853;8,0000;34,0000;3;26.738271604938273;5,0255;12,0000;52,0000
108;0;26.307033639143732;4,9374;13,0000;46,0000;1;29.793272171253825;5,0961;15,0000;48,0000;2;19.472171253822623;4,2852;8,0000;34,0000;3;26.732110091743117;5,0221;12,0000;52,0000
109;0;26.293333333333333;4,9260;13,0000;46,0000;1;29.794545454545457;5,0840;15,0000;48,0000;2;19.46545454545454;4,2896;8,0000;34,0000;3;26.716363636363635;5,0245;12,0000;52,0000
110;0;26.303903903903905;4,9430;13,0000;46,0000;1;29.78258258258258;5,0913;15,0000;48,0000;2;19.476276276276273;4,2818;8,0000;34,0000;3;26.72852852852853;5,0162;12,0000;52,0000
111;0;26.286309523809525;4,9574;13,0000;46,0000;1;29.787500000000005;5,0800;15,0000;48,0000;2;19.470833333333335;4,2729;8,0000;34,0000;3;26.751785714285713;5,0240;12,0000;52,0000
112;0;26.28023598820059;4,9499;13,0000;46,0000;1;29.795870206489678;5,0890;15,0000;48,0000;2;19.47492625368731;4,2725;8,0000;34,0000;3;26.75103244837758;5,0249;12,0000;52,0000
113;0;26.316959064327488;4,9594;13,0000;46,0000;1;29.769590643274853;5,0931;15,0000;48,0000;2;19.477192982456142;4,2767;8,0000;34,0000;3;26.74093567251462;5,0251;12,0000;52,0000
114;0;26.333913043478262;4,9633;13,0000;46,0000;1;29.777971014492756;5,0904;15,0000;48,0000;2;19.462608695652175;4,2723;8,0000;34,0000;3;26.77333333333333;5,0417;12,0000;52,0000
115;0;26.352298850574712;4,9673;13,0000;46,0000;1;29.77873563218391;5,0988;15,0000;48,0000;2;19.433908045977017;4,2784;8,0000;34,0000;3;26.7632183908046;5,0421;12,0000;52,0000
116;0;26.35042735042735;4,9728;13,0000;46,0000;1;29.799999999999997;5,0911;15,0000;48,0000;2;19.419373219373217;4,2734;8,0000;34,0000;3;26.774358974358975;5,0594;12,0000;52,0000
117;0;26.360451977401134;4,9926;13,0000;46,0000;1;29.796045197740114;5,0985;15,0000;48,0000;2;19.435593220338983;4,2777;8,0000;34,0000;3;26.788135593220336;5,0598;12,0000;52,0000
118;0;26.37703081232493;4,9894;13,0000;46,0000;1;29.816806722689073;5,1188;15,0000;48,0000;2;19.440336134453776;4,2898;8,0000;34,0000;3;26.777591036414567;5,0497;12,0000;52,0000
119;0;26.374444444444443;4,9898;13,0000;46,0000;1;29.80333333333333;5,1267;15,0000;48,0000;2;19.417777777777776;4,2919;8,0000;34,0000;3;26.776666666666664;5,0525;12,0000;52,0000
120;0;26.351515151515155;4,9824;13,0000;46,0000;1;29.79944903581267;5,1297;15,0000;48,0000;2;19.439669421487604;4,2892;8,0000;34,0000;3;26.768044077134988;5,0475;12,0000;52,0000
121;0;26.349726775956285;4,9829;13,0000;46,0000;1;29.81420765027322;5,1324;15,0000;48,0000;2;19.444808743169396;4,3034;8,0000;34,0000;3;26.762841530054647;5,0365;12,0000;52,0000
122;0;26.34417344173442;4,9897;13,0000;46,0000;1;29.817344173441732;5,1435;15,0000;48,0000;2;19.44769647696477;4,3058;8,0000;34,0000;3;26.76747967479675;5,0440;12,0000;52,0000
123;0;26.35967741935484;4,9837;13,0000;46,0000;1;29.82903225806452;5,1331;15,0000;48,0000;2;19.450000000000003;4,2980;8,0000;34,0000;3;26.77365591397849;5,0381;12,0000;52,0000
124;0;26.37813333333333;4,9814;13,0000;46,0000;1;29.831466666666664;5,1271;15,0000;48,0000;2;19.442666666666668;4,2943;8,0000;34,0000;3;26.7744;5,0326;12,0000;52,0000
125;0;26.356084656084654;4,9790;13,0000;46,0000;1;29.84338624338624;5,1486;15,0000;48,0000;2;19.441798941798947;4,2837;8,0000;34,0000;3;26.761904761904763;5,0231;12,0000;52,0000
126;0;26.351181102362204;4,9851;13,0000;46,0000;1;29.835170603674538;5,1559;15,0000;48,0000;2;19.433595800524937;4,2758;8,0000;34,0000;3;26.745406824146983;5,0199;12,0000;52,0000
127;0;26.336979166666666;4,9805;13,0000;46,0000;1;29.8390625;5,1589;15,0000;48,0000;2;19.424479166666668;4,2755;8,0000;34,0000;3;26.74375;5,0178;12,0000;52,0000
128;0;26.33953488372093;4,9843;13,0000;46,0000;1;29.85374677002584;5,1564;15,0000;48,0000;2;19.431007751937983;4,2687;8,0000;34,0000;3;26.750387596899223;5,0167;12,0000;52,0000
129;0;26.358461538461537;5,0012;13,0000;46,0000;1;29.871794871794872;5,1693;15,0000;48,0000;2;19.432820512820513;4,2765;8,0000;34,0000;3;26.752307692307692;5,0190;12,0000;52,0000
130;0;26.356743002544526;5,0028;13,0000;46,0000;1;29.867175572519084;5,1794;13,0000;48,0000;2;19.42798982188295;4,2808;8,0000;34,0000;3;26.738422391857505;5,0159;12,0000;52,0000
131;0;26.361616161616165;5,0028;13,0000;46,0000;1;29.8489898989899;5,1787;13,0000;48,0000;2;19.43181818181818;4,2945;8,0000;34,0000;3;26.76212121212121;5,0561;9,0000;52,0000
132;0;26.365413533834587;4,9924;13,0000;46,0000;1;29.847619047619048;5,1760;13,0000;48,0000;2;19.41704260651629;4,2942;8,0000;34,0000;3;26.76591478696742;5,0588;9,0000;52,0000
133;0;26.37611940298508;4,9823;13,0000;46,0000;1;29.821890547263685;5,1796;13,0000;48,0000;2;19.415422885572138;4,2893;8,0000;34,0000;3;26.757213930348257;5,0770;9,0000;52,0000
134;0;26.361481481481484;4,9924;13,0000;46,0000;1;29.80592592592593;5,1785;13,0000;48,0000;2;19.40740740740741;4,2839;8,0000;34,0000;3;26.75851851851852;5,0968;9,0000;52,0000
135;0;26.34313725490196;4,9908;13,0000;46,0000;1;29.809313725490195;5,1805;13,0000;48,0000;2;19.411764705882355;4,2945;8,0000;34,0000;3;26.746078431372545;5,0911;9,0000;52,0000
136;0;26.348418491484185;4,9909;13,0000;46,0000;1;29.805839416058394;5,2050;13,0000;48,0000;2;19.413138686131383;4,2856;8,0000;34,0000;3;26.750364963503653;5,0818;9,0000;52,0000
137;0;26.35942028985507;4,9913;13,0000;46,0000;1;29.8024154589372;5,2062;13,0000;48,0000;2;19.418840579710142;4,2896;8,0000;34,0000;3;26.730434782608693;5,0752;9,0000;52,0000
138;0;26.362589928057552;4,9839;13,0000;46,0000;1;29.800479616306955;5,2104;13,0000;48,0000;2;19.429736211031173;4,2872;8,0000;34,0000;3;26.725659472422063;5,0710;9,0000;52,0000
139;0;26.367619047619048;4,9784;13,0000;46,0000;1;29.79190476190476;5,2157;13,0000;48,0000;2;19.440476190476186;4,2871;8,0000;34,0000;3;26.728571428571428;5,0674;9,0000;52,0000
140;0;26.365011820330967;4,9767;13,0000;46,0000;1;29.80425531914894;5,2119;13,0000;48,0000;2;19.423167848699762;4,2888;8,0000;34,0000;3;26.725768321513005;5,0664;9,0000;52,0000
141;0;26.368544600938964;4,9826;13,0000;46,0000;1;29.805164319248824;5,2196;13,0000;48,0000;2;19.42582159624413;4,2927;8,0000;34,0000;3;26.709859154929582;5,0602;9,0000;52,0000
142;0;26.366433566433564;4,9807;13,0000;46,0000;1;29.798135198135203;5,2181;13,0000;48,0000;2;19.41771561771562;4,2872;8,0000;34,0000;3;26.715617715617718;5,0627;9,0000;52,0000
143;0;26.37083333333333;4,9881;13,0000;46,0000;1;29.79675925925926;5,2080;13,0000;48,0000;2;19.420370370370375;4,2809;8,0000;34,0000;3;26.712962962962962;5,0539;9,0000;52,0000
144;0;26.365057471264368;4,9851;13,0000;46,0000;1;29.79126436781609;5,2220;13,0000;48,0000;2;19.41609195402299;4,2836;8,0000;34,0000;3;26.696551724137933;5,0544;9,0000;52,0000
145;0;26.373972602739727;4,9880;13,0000;46,0000;1;29.79178082191781;5,2243;13,0000;48,0000;2;19.423287671232874;4,2794;8,0000;34,0000;3;26.70091324200913;5,0539;9,0000;52,0000
146;0;26.367800453514736;4,9966;13,0000;46,0000;1;29.79229024943311;5,2153;13,0000;48,0000;2;19.43356009070295;4,2799;8,0000;34,0000;3;26.697052154195013;5,0503;9,0000;52,0000
147;0;26.377027027027026;4,9909;13,0000;46,0000;1;29.79414414414414;5,2144;13,0000;48,0000;2;19.43513513513513;4,2789;8,0000;34,0000;3;26.6990990990991;5,0507;9,0000;52,0000
148;0;26.378523489932885;4,9869;13,0000;46,0000;1;29.815659955257267;5,2126;13,0000;48,0000;2;19.43937360178971;4,2736;8,0000;34,0000;3;26.703355704697987;5,0457;9,0000;52,0000
149;0;26.358666666666668;4,9929;13,0000;46,0000;1;29.796444444444447;5,2197;13,0000;48,0000;2;19.439111111111107;4,2738;8,0000;34,0000;3;26.70266666666667;5,0461;9,0000;52,0000
150;0;26.35320088300221;5,0045;13,0000;46,0000;1;29.807064017660043;5,2169;13,0000;48,0000;2;19.44503311258278;4,2692;8,0000;34,0000;3;26.719205298013243;5,0369;9,0000;52,0000
151;0;26.335087719298247;5,0196;12,0000;46,0000;1;29.821052631578947;5,2213;13,0000;48,0000;2;19.44517543859649;4,2665;8,0000;34,0000;3;26.700877192982453;5,0348;9,0000;52,0000
152;0;26.33812636165577;5,0202;12,0000;46,0000;1;29.836165577342047;5,2246;13,0000;48,0000;2;19.457080610021784;4,2718;8,0000;34,0000;3;26.70152505446623;5,0268;9,0000;52,0000
153;0;26.34285714285714;5,0228;12,0000;46,0000;1;29.836796536796538;5,2232;13,0000;48,0000;2;19.460606060606057;4,2723;8,0000;34,0000;3;26.708658008658013;5,0163;9,0000;52,0000
154;0;26.341075268817203;5,0121;12,0000;46,0000;1;29.84258064516129;5,2184;13,0000;48,0000;2;19.464516129032255;4,2772;8,0000;34,0000;3;26.713548387096772;5,0201;9,0000;52,0000
155;0;26.331196581196583;5,0095;12,0000;46,0000;1;29.843589743589742;5,2205;13,0000;48,0000;2;19.45470085470085;4,2711;8,0000;34,0000;3;26.73333333333333;5,0224;9,0000;52,0000
156;0;26.34352441613588;5,0123;12,0000;46,0000;1;29.83227176220807;5,2167;13,0000;48,0000;2;19.453078556263268;4,2727;8,0000;34,0000;3;26.727813163481954;5,0339;9,0000;52,0000
157;0;26.34092827004219;5,0068;12,0000;46,0000;1;29.825316455696207;5,2160;13,0000;48,0000;2;19.443459915611818;4,2722;8,0000;34,0000;3;26.724472573839662;5,0254;9,0000;52,0000
158;0;26.335429769392032;5,0028;12,0000;46,0000;1;29.809224318658284;5,2237;13,0000;48,0000;2;19.443605870020964;4,2685;8,0000;34,0000;3;26.724109014675054;5,0269;9,0000;52,0000
159;0;26.359166666666667;5,0164;12,0000;46,0000;1;29.82041666666667;5,2216;13,0000;48,0000;2;19.45208333333333;4,2702;8,0000;34,0000;3;26.73875;5,0339;9,0000;52,0000
160;0;26.354451345755695;5,0117;12,0000;46,0000;1;29.824844720496895;5,2181;13,0000;48,0000;2;19.449275362318836;4,2654;8,0000;34,0000;3;26.73581780538302;5,0253;9,0000;52,0000
161;0;26.358847736625517;5,0183;12,0000;46,0000;1;29.817695473251025;5,2119;13,0000;48,0000;2;19.446090534979426;4,2664;8,0000;34,0000;3;26.72551440329218;5,0253;9,0000;52,0000
162;0;26.359509202453985;5,0271;12,0000;46,0000;1;29.81063394683027;5,2304;12,0000;48,0000;2;19.439263803680984;4,2750;8,0000;34,0000;3;26.71411042944785;5,0275;9,0000;52,0000
163;0;26.366666666666664;5,0299;12,0000;46,0000;1;29.8130081300813;5,2332;12,0000;48,0000;2;19.43373983739837;4,2710;8,0000;34,0000;3;26.709349593495933;5,0354;9,0000;52,0000
164;0;26.370505050505052;5,0273;12,0000;46,0000;1;29.805252525252527;5,2296;12,0000;48,0000;2;19.426262626262627;4,2698;8,0000;34,0000;3;26.72080808080808;5,0293;9,0000;52,0000
165;0;26.381927710843375;5,0238;12,0000;46,0000;1;29.81285140562249;5,2274;12,0000;48,0000;2;19.41807228915663;4,2721;8,0000;34,0000;3;26.71044176706827;5,0242;9,0000;52,0000
166;0;26.379241516966072;5,0223;12,0000;46,0000;1;29.809181636726546;5,2243;12,0000;48,0000;2;19.410778443113774;4,2769;8,0000;34,0000;3;26.70578842315369;5,0194;9,0000;52,0000
167;0;26.364682539682537;5,0283;12,0000;46,0000;1;29.798809523809524;5,2203;12,0000;48,0000;2;19.40396825396825;4,2734;8,0000;34,0000;3;26.698015873015873;5,0159;9,0000;52,0000
168;0;26.369625246548324;5,0280;12,0000;46,0000;1;29.818934911242604;5,2398;12,0000;48,0000;2;19.3861932938856;4,2741;8,0000;34,0000;3;26.68796844181459;5,0151;9,0000;52,0000
169;0;26.371372549019604;5,0280;12,0000;46,0000;1;29.80705882352941;5,2449;12,0000;48,0000;2;19.39137254901961;4,2733;8,0000;34,0000;3;26.685882352941178;5,0136;9,0000;52,0000
170;0;26.386744639376218;5,0338;12,0000;46,0000;1;29.807407407407407;5,2444;12,0000;48,0000;2;19.399220272904483;4,2766;8,0000;34,0000;3;26.686159844054583;5,0221;9,0000;52,0000
171;0;26.394186046511624;5,0477;12,0000;46,0000;1;29.809302325581392;5,2494;12,0000;48,0000;2;19.40077519379845;4,2731;8,0000;34,0000;3;26.688759689922485;5,0248;9,0000;52,0000
172;0;26.380346820809248;5,0496;12,0000;46,0000;1;29.801541425818886;5,2457;12,0000;48,0000;2;19.39344894026975;4,2699;8,0000;34,0000;3;26.681695568400777;5,0193;9,0000;52,0000
173;0;26.36704980842912;5,0557;12,0000;46,0000;1;29.804214559386974;5,2490;12,0000;48,0000;2;19.395785440613025;4,2663;8,0000;34,0000;3;26.6808429118774;5,0178;9,0000;52,0000
174;0;26.36647619047619;5,0573;12,0000;46,0000;1;29.81409523809524;5,2476;12,0000;48,0000;2;19.39961904761905;4,2736;8,0000;34,0000;3;26.679999999999996;5,0104;9,0000;52,0000
175;0;26.369696969696967;5,0516;12,0000;46,0000;1;29.815530303030304;5,2588;12,0000;48,0000;2;19.40681818181818;4,2674;8,0000;34,0000;3;26.675378787878785;5,0031;9,0000;52,0000
176;0;26.35969868173258;5,0482;12,0000;46,0000;1;29.821092278719398;5,2670;12,0000;48,0000;2;19.418455743879473;4,2741;8,0000;34,0000;3;26.663276836158193;5,0002;9,0000;52,0000
177;0;26.36779026217228;5,0474;12,0000;46,0000;1;29.814232209737828;5,2632;12,0000;48,0000;2;19.416853932584267;4,2779;8,0000;34,0000;3;26.653558052434462;5,0066;9,0000;52,0000
178;0;26.35977653631285;5,0487;12,0000;46,0000;1;29.80782122905028;5,2730;12,0000;48,0000;2;19.408938547486034;4,2727;8,0000;34,0000;3;26.646182495344508;5,0057;9,0000;52,0000
179;0;26.355555555555554;5,0479;12,0000;46,0000;1;29.80925925925926;5,2776;12,0000;48,0000;2;19.404814814814817;4,2708;8,0000;34,0000;3;26.641851851851854;5,0024;9,0000;52,0000
180;0;26.37605893186004;5,0568;12,0000;46,0000;1;29.80184162062615;5,2696;12,0000;48,0000;2;19.407734806629833;4,2709;8,0000;34,0000;3;26.633885819521183;5,0013;9,0000;52,0000
181;0;26.385347985347988;5,0530;12,0000;46,0000;1;29.791208791208792;5,2692;12,0000;48,0000;2;19.41025641025641;4,2694;8,0000;34,0000;3;26.634798534798538;5,0069;9,0000;52,0000
182;0;26.388706739526413;5,0581;12,0000;46,0000;1;29.787249544626594;5,2594;12,0000;48,0000;2;19.40728597449909;4,2679;8,0000;34,0000;3;26.62295081967213;5,0057;9,0000;52,0000
183;0;26.378623188405797;5,0514;12,0000;46,0000;1;29.781521739130437;5,2666;12,0000;48,0000;2;19.402898550724636;4,2727;8,0000;34,0000;3;26.62608695652174;5,0057;9,0000;52,0000
184;0;26.384864864864863;5,0497;12,0000;46,0000;1;29.78774774774775;5,2561;12,0000;48,0000;2;19.403963963963964;4,2682;8,0000;34,0000;3;26.624144144144143;4,9999;9,0000;52,0000
185;0;26.38351254480287;5,0491;12,0000;46,0000;1;29.78279569892473;5,2635;12,0000;48,0000;2;19.402150537634405;4,2674;8,0000;34,0000;3;26.63655913978495;4,9981;9,0000;52,0000
186;0;26.365062388591802;5,0564;12,0000;46,0000;1;29.775757575757574;5,2629;12,0000;48,0000;2;19.397147950089124;4,2625;8,0000;34,0000;3;26.631372549019613;4,9937;9,0000;52,0000
187;0;26.359574468085107;5,0567;12,0000;46,0000;1;29.771276595744684;5,2653;12,0000;48,0000;2;19.409574468085104;4,2740;8,0000;34,0000;3;26.615957446808505;5,0031;9,0000;52,0000
188;0;26.352733686067022;5,0564;12,0000;46,0000;1;29.764021164021166;5,2648;12,0000;48,0000;2;19.415873015873014;4,2685;8,0000;34,0000;3;26.61199294532628;5,0002;9,0000;52,0000
189;0;26.36561403508772;5,0572;12,0000;46,0000;1;29.766315789473687;5,2618;12,0000;48,0000;2;19.42350877192983;4,2692;8,0000;34,0000;3;26.6221052631579;5,0071;9,0000;52,0000
190;0;26.368586387434554;5,0564;12,0000;46,0000;1;29.788132635253056;5,2846;12,0000;48,0000;2;19.41780104712042;4,2655;8,0000;34,0000;3;26.61500872600349;5,0064;9,0000;52,0000
191;0;26.374652777777776;5,0563;12,0000;46,0000;1;29.782986111111107;5,2902;12,0000;48,0000;2;19.42291666666667;4,2668;8,0000;34,0000;3;26.62222222222222;5,0055;9,0000;52,0000
192;0;26.382037996545773;5,0625;12,0000;46,0000;1;29.791364421416233;5,3068;12,0000;48,0000;2;19.412089810017267;4,2620;8,0000;34,0000;3;26.61761658031088;5,0081;9,0000;52,0000
193;0;26.38831615120275;5,0608;12,0000;46,0000;1;29.777663230240552;5,3097;12,0000;48,0000;2;19.40927835051546;4,2602;8,0000;34,0000;3;26.621305841924396;5,0000;9,0000;52,0000
194;0;26.38940170940171;5,0530;12,0000;46,0000;1;29.783589743589744;5,3124;12,0000;48,0000;2;19.405128205128204;4,2566;8,0000;34,0000;3;26.624273504273503;4,9977;9,0000;52,0000
195;0;26.39591836734694;5,0509;12,0000;46,0000;1;29.78843537414966;5,3102;12,0000;48,0000;2;19.412925170068025;4,2629;8,0000;34,0000;3;26.627891156462585;4,9973;9,0000;52,0000
196;0;26.396954314720812;5,0484;12,0000;46,0000;1;29.782064297800343;5,3156;12,0000;48,0000;2;19.420642978003382;4,2725;8,0000;34,0000;3;26.6243654822335;4,9908;9,0000;52,0000
197;0;26.386531986531985;5,0447;12,0000;46,0000;1;29.775084175084174;5,3203;12,0000;48,0000;2;19.416498316498313;4,2734;8,0000;34,0000;3;26.63131313131313;4,9953;9,0000;52,0000
198;0;26.391624790619762;5,0497;12,0000;46,0000;1;29.770184254606367;5,3214;12,0000;48,0000;2;19.418760469011726;4,2811;8,0000;34,0000;3;26.630820770519254;4,9874;9,0000;52,0000
199;0;26.395333333333337;5,0488;12,0000;46,0000;1;29.77166666666666;5,3288;12,0000;48,0000;2;19.422666666666668;4,2772;8,0000;34,0000;3;26.634333333333334;4,9847;9,0000;52,0000
200;0;26.4072968490879;5,0468;12,0000;46,0000;1;29.775787728026536;5,3271;12,0000;48,0000;2;19.417578772802653;4,2779;8,0000;34,0000;3;26.628855721393037;4,9905;9,0000;52,0000
201;0;26.412541254125408;5,0537;12,0000;46,0000;1;29.780528052805284;5,3223;12,0000;48,0000;2;19.415841584158414;4,2799;8,0000;34,0000;3;26.63663366336634;4,9878;9,0000;52,0000
202;0;26.408866995073893;5,0529;12,0000;46,0000;1;29.795730706075535;5,3321;12,0000;48,0000;2;19.42134646962233;4,2877;8,0000;34,0000;3;26.62758620689655;4,9857;9,0000;52,0000
203;0;26.41241830065359;5,0507;12,0000;46,0000;1;29.802287581699346;5,3304;12,0000;48,0000;2;19.42450980392157;4,2833;8,0000;34,0000;3;26.630065359477125;4,9856;9,0000;52,0000
204;0;26.41788617886179;5,0536;12,0000;46,0000;1;29.813658536585365;5,3369;12,0000;48,0000;2;19.425040650406505;4,2822;8,0000;34,0000;3;26.640650406504072;4,9836;9,0000;52,0000
205;0;26.424271844660197;5,0536;12,0000;46,0000;1;29.811003236245956;5,3307;12,0000;48,0000;2;19.418122977346275;4,2801;8,0000;34,0000;3;26.639158576051777;4,9864;9,0000;52,0000
206;0;26.42028985507246;5,0562;12,0000;46,0000;1;29.80450885668277;5,3271;12,0000;48,0000;2;19.420933977455718;4,2845;8,0000;34,0000;3;26.646054750402573;5,0028;9,0000;52,0000
207;0;26.413461538461533;5,0519;12,0000;46,0000;1;29.81121794871795;5,3317;12,0000;48,0000;2;19.428205128205132;4,2834;8,0000;34,0000;3;26.64455128205128;5,0031;9,0000;52,0000
208;0;26.413078149920253;5,0534;12,0000;46,0000;1;29.822966507177036;5,3357;12,0000;48,0000;2;19.431259968102076;4,2791;8,0000;34,0000;3;26.638596491228068;4,9962;9,0000;52,0000
209;0;26.408253968253966;5,0516;12,0000;46,0000;1;29.813968253968255;5,3328;12,0000;48,0000;2;19.42761904761905;4,2827;8,0000;34,0000;3;26.635238095238094;4,9936;9,0000;52,0000
210;0;26.4085308056872;5,0568;12,0000;46,0000;1;29.82148499210111;5,3305;12,0000;48,0000;2;19.431595576619276;4,2873;8,0000;34,0000;3;26.634755134281207;4,9881;9,0000;52,0000
211;0;26.39874213836478;5,0571;12,0000;46,0000;1;29.818238993710693;5,3251;12,0000;48,0000;2;19.428930817610063;4,2832;8,0000;34,0000;3;26.64371069182389;4,9880;9,0000;52,0000
212;0;26.405633802816897;5,0605;12,0000;46,0000;1;29.81815336463224;5,3180;12,0000;48,0000;2;19.417840375586856;4,2907;8,0000;34,0000;3;26.637558685446006;4,9839;9,0000;52,0000
213;0;26.39906542056075;5,0569;12,0000;46,0000;1;29.813707165109033;5,3187;12,0000;48,0000;2;19.418068535825547;4,2931;8,0000;34,0000;3;26.630529595015574;4,9763;9,0000;52,0000
214;0;26.397519379844958;5,0568;12,0000;46,0000;1;29.80837209302326;5,3155;12,0000;48,0000;2;19.42015503875969;4,2915;8,0000;34,0000;3;26.616124031007747;4,9856;9,0000;52,0000
215;0;26.387962962962963;5,0548;12,0000;46,0000;1;29.804012345679013;5,3160;12,0000;48,0000;2;19.41944444444444;4,2976;7,0000;34,0000;3;26.620370370370367;4,9847;9,0000;52,0000
216;0;26.38924731182796;5,0563;12,0000;46,0000;1;29.802764976958525;5,3185;12,0000;48,0000;2;19.427035330261138;4,2971;7,0000;34,0000;3;26.62119815668203;4,9817;9,0000;52,0000
217;0;26.38593272171254;5,0607;12,0000;46,0000;1;29.806116207951067;5,3166;12,0000;48,0000;2;19.42966360856269;4,2929;7,0000;34,0000;3;26.625382262996947;4,9816;9,0000;52,0000
218;0;26.395738203957382;5,0608;12,0000;46,0000;1;29.812785388127857;5,3166;12,0000;48,0000;2;19.42739726027397;4,2968;7,0000;34,0000;3;26.61187214611872;4,9816;9,0000;52,0000
219;0;26.405151515151516;5,0606;12,0000;46,0000;1;29.815454545454546;5,3157;12,0000;48,0000;2;19.435151515151514;4,2947;7,0000;34,0000;3;26.608484848484842;4,9776;9,0000;52,0000
220;0;26.4078431372549;5,0594;12,0000;46,0000;1;29.800603318250374;5,3185;12,0000;48,0000;2;19.4395173453997;4,2906;7,0000;34,0000;3;26.612066365007546;4,9704;9,0000;52,0000
221;0;26.4024024024024;5,0605;12,0000;46,0000;1;29.801801801801805;5,3130;12,0000;48,0000;2;19.428828828828827;4,2976;7,0000;34,0000;3;26.608708708708704;4,9646;9,0000;52,0000
222;0;26.40657698056801;5,0598;12,0000;46,0000;1;29.8;5,3174;12,0000;48,0000;2;19.432884902840062;4,2963;7,0000;34,0000;3;26.614947683109122;4,9730;9,0000;52,0000
223;0;26.40714285714286;5,0514;12,0000;46,0000;1;29.792857142857144;5,3281;12,0000;50,0000;2;19.430654761904762;4,2932;7,0000;34,0000;3;26.615476190476187;4,9807;9,0000;52,0000
224;0;26.414814814814815;5,0608;12,0000;46,0000;1;29.798222222222222;5,3256;12,0000;50,0000;2;19.432296296296293;4,2892;7,0000;34,0000;3;26.618666666666666;4,9813;9,0000;52,0000
225;0;26.428908554572267;5,0624;12,0000;46,0000;1;29.79439528023599;5,3313;12,0000;50,0000;2;19.438053097345136;4,2873;7,0000;34,0000;3;26.620648967551617;4,9779;9,0000;52,0000
226;0;26.426725403817912;5,0588;12,0000;46,0000;1;29.784140969162998;5,3273;12,0000;50,0000;2;19.44023494860499;4,2822;7,0000;34,0000;3;26.624963289280476;4,9783;9,0000;52,0000
227;0;26.423391812865493;5,0583;12,0000;46,0000;1;29.775146198830406;5,3260;12,0000;50,0000;2;19.439473684210526;4,2840;7,0000;34,0000;3;26.62719298245614;4,9801;9,0000;52,0000
228;0;26.422707423580782;5,0583;12,0000;46,0000;1;29.773508005822418;5,3227;12,0000;50,0000;2;19.43813682678312;4,2768;7,0000;34,0000;3;26.631732168850068;4,9776;9,0000;52,0000
229;0;26.40231884057971;5,0619;12,0000;46,0000;1;29.78376811594203;5,3187;12,0000;50,0000;2;19.429855072463766;4,2813;7,0000;34,0000;3;26.627826086956517;4,9847;9,0000;52,0000
230;0;26.403751803751806;5,0725;12,0000;46,0000;1;29.78989898989899;5,3129;12,0000;50,0000;2;19.42770562770563;4,2854;7,0000;34,0000;3;26.627994227994225;4,9841;9,0000;52,0000
231;0;26.41264367816092;5,0746;12,0000;46,0000;1;29.789080459770116;5,3129;12,0000;50,0000;2;19.42614942528736;4,2815;7,0000;34,0000;3;26.628735632183904;4,9772;9,0000;52,0000
232;0;26.41173104434907;5,0746;12,0000;46,0000;1;29.798283261802577;5,3070;12,0000;50,0000;2;19.41659513590844;4,2812;7,0000;34,0000;3;26.633762517882687;4,9867;9,0000;52,0000
233;0;26.402564102564106;5,0745;12,0000;46,0000;1;29.801424501424503;5,3127;12,0000;50,0000;2;19.41452991452992;4,2791;7,0000;34,0000;3;26.632763532763533;4,9875;9,0000;52,0000
234;0;26.40624113475177;5,0705;12,0000;46,0000;1;29.794893617021277;5,3130;12,0000;50,0000;2;19.41049645390071;4,2820;7,0000;34,0000;3;26.643687943262407;4,9911;9,0000;52,0000
235;0;26.41920903954802;5,0756;12,0000;46,0000;1;29.790677966101693;5,3098;12,0000;50,0000;2;19.408474576271185;4,2789;7,0000;34,0000;3;26.645480225988695;4,9908;9,0000;52,0000
236;0;26.42841068917018;5,0796;12,0000;46,0000;1;29.791842475386783;5,3091;12,0000;50,0000;2;19.4042194092827;4,2753;7,0000;34,0000;3;26.645288326300978;4,9903;9,0000;52,0000
237;0;26.427450980392155;5,0768;12,0000;46,0000;1;29.78823529411765;5,3079;12,0000;50,0000;2;19.39635854341737;4,2716;7,0000;34,0000;3;26.654901960784315;4,9920;9,0000;52,0000
238;0;26.42398884239888;5,0725;12,0000;46,0000;1;29.78186889818689;5,3090;12,0000;50,0000;2;19.396652719665276;4,2723;7,0000;34,0000;3;26.64965132496513;4,9916;9,0000;52,0000
239;0;26.424166666666665;5,0673;12,0000;46,0000;1;29.781666666666666;5,3089;12,0000;50,0000;2;19.394166666666667;4,2693;7,0000;34,0000;3;26.653333333333332;4,9873;9,0000;52,0000
240;0;26.432365145228218;5,0601;12,0000;46,0000;1;29.78450899031812;5,3121;12,0000;50,0000;2;19.40027662517289;4,2680;7,0000;34,0000;3;26.652558782849237;4,9831;9,0000;52,0000
241;0;26.433057851239667;5,0566;12,0000;46,0000;1;29.788980716253445;5,3048;12,0000;50,0000;2;19.397520661157028;4,2741;7,0000;34,0000;3;26.658677685950416;4,9849;9,0000;52,0000
242;0;26.441700960219485;5,0574;12,0000;46,0000;1;29.791220850480112;5,3064;12,0000;50,0000;2;19.39917695473251;4,2735;7,0000;34,0000;3;26.666117969821677;4,9862;9,0000;52,0000
243;0;26.441803278688525;5,0532;12,0000;46,0000;1;29.79617486338798;5,3082;12,0000;50,0000;2;19.401639344262296;4,2682;7,0000;34,0000;3;26.659016393442624;4,9893;9,0000;52,0000
244;0;26.438095238095244;5,0550;12,0000;46,0000;1;29.802721088435373;5,3090;12,0000;50,0000;2;19.39537414965987;4,2685;7,0000;34,0000;3;26.663673469387753;4,9920;9,0000;52,0000
245;0;26.43956639566396;5,0506;12,0000;46,0000;1;29.80650406504065;5,3101;12,0000;50,0000;2;19.384010840108402;4,2704;7,0000;34,0000;3;26.66964769647696;4,9899;9,0000;52,0000
246;0;26.44615384615385;5,0551;12,0000;46,0000;1;29.807557354925773;5,3196;12,0000;50,0000;2;19.387044534412958;4,2686;7,0000;34,0000;3;26.67206477732794;4,9870;9,0000;52,0000
247;0;26.44381720430108;5,0538;12,0000;46,0000;1;29.808870967741935;5,3141;12,0000;50,0000;2;19.39247311827957;4,2687;7,0000;34,0000;3;26.66935483870968;4,9854;9,0000;52,0000
248;0;26.45542168674698;5,0620;12,0000;46,0000;1;29.816331994645246;5,3120;12,0000;50,0000;2;19.390629183400268;4,2737;7,0000;34,0000;3;26.668005354752342;4,9864;9,0000;52,0000
249;0;26.453066666666665;5,0589;12,0000;46,0000;1;29.816533333333336;5,3122;12,0000;50,0000;2;19.39573333333333;4,2715;7,0000;34,0000;3;26.662133333333333;4,9808;9,0000;52,0000
250;0;26.46002656042496;5,0662;12,0000;46,0000;1;29.81699867197875;5,3074;12,0000;50,0000;2;19.39760956175299;4,2735;7,0000;34,0000;3;26.660026560424967;4,9777;9,0000;52,0000
251;0;26.45370370370371;5,0638;12,0000;46,0000;1;29.806084656084654;5,3086;12,0000;50,0000;2;19.395767195767196;4,2766;7,0000;34,0000;3;26.66216931216931;4,9736;9,0000;52,0000
252;0;26.44822134387352;5,0687;12,0000;46,0000;1;29.8034255599473;5,3038;12,0000;50,0000;2;19.394993412384714;4,2753;7,0000;34,0000;3;26.656126482213438;4,9738;9,0000;52,0000
253;0;26.444356955380574;5,0715;12,0000;46,0000;1;29.811023622047244;5,3076;12,0000;50,0000;2;19.399999999999995;4,2832;7,0000;34,0000;3;26.658267716535438;4,9753;9,0000;52,0000
254;0;26.441568627450984;5,0711;12,0000;46,0000;1;29.811764705882354;5,3151;12,0000;50,0000;2;19.395555555555553;4,2856;7,0000;34,0000;3;26.664836601307186;4,9771;9,0000;52,0000
255;0;26.44270833333333;5,0720;12,0000;46,0000;1;29.806770833333335;5,3153;12,0000;50,0000;2;19.40208333333333;4,2918;7,0000;34,0000;3;26.67135416666666;4,9727;9,0000;52,0000
256;0;26.442023346303504;5,0767;12,0000;46,0000;1;29.80596627756161;5,3137;12,0000;50,0000;2;19.404669260700388;4,2917;7,0000;34,0000;3;26.688715953307394;4,9791;9,0000;52,0000
257;0;26.435142118863055;5,0770;12,0000;46,0000;1;29.805943152454784;5,3113;12,0000;50,0000;2;19.40129198966408;4,2900;7,0000;34,0000;3;26.70103359173127;4,9813;9,0000;52,0000
258;0;26.433462033462032;5,0833;12,0000;46,0000;1;29.805662805662806;5,3069;12,0000;50,0000;2;19.399742599742602;4,2873;7,0000;34,0000;3;26.702960102960102;4,9773;9,0000;52,0000
259;0;26.425897435897433;5,0829;12,0000;46,0000;1;29.803076923076922;5,3039;12,0000;50,0000;2;19.402307692307694;4,2899;7,0000;34,0000;3;26.697948717948716;4,9797;9,0000;52,0000
260;0;26.425287356321842;5,0788;12,0000;46,0000;1;29.808429118773947;5,3003;12,0000;50,0000;2;19.40740740740741;4,3016;7,0000;34,0000;3;26.697573435504474;4,9754;9,0000;52,0000
261;0;26.426717557251905;5,0828;12,0000;46,0000;1;29.811959287531806;5,2998;12,0000;50,0000;2;19.40229007633588;4,2969;7,0000;34,0000;3;26.697201017811707;4,9739;9,0000;52,0000
262;0;26.421292775665403;5,0814;12,0000;46,0000;1;29.80811153358682;5,3004;12,0000;50,0000;2;19.401774397972115;4,2985;7,0000;34,0000;3;26.696831432192646;4,9711;9,0000;52,0000
263;0;26.41969696969697;5,0839;12,0000;46,0000;1;29.80429292929293;5,3020;12,0000;50,0000;2;19.39924242424242;4,2996;7,0000;34,0000;3;26.700000000000003;4,9723;9,0000;52,0000
264;0;26.413584905660382;5,0889;12,0000;46,0000;1;29.80578616352201;5,3119;12,0000;50,0000;2;19.39823899371069;4,3030;7,0000;34,0000;3;26.698616352201256;4,9766;9,0000;52,0000
265;0;26.411528822055132;5,0853;12,0000;46,0000;1;29.805012531328323;5,3150;12,0000;50,0000;2;19.397243107769423;4,3021;7,0000;34,0000;3;26.694736842105257;4,9767;9,0000;52,0000
266;0;26.41373283395755;5,0852;12,0000;46,0000;1;29.797752808988765;5,3109;12,0000;50,0000;2;19.40074906367041;4,3023;7,0000;34,0000;3;26.69612983770287;4,9736;9,0000;52,0000
267;0;26.423880597014925;5,0872;12,0000;46,0000;1;29.805223880597016;5,3088;12,0000;50,0000;2;19.404975124378108;4,3080;7,0000;34,0000;3;26.69353233830846;4,9732;9,0000;52,0000
268;0;26.420570012391572;5,0870;12,0000;46,0000;1;29.801982651796777;5,3065;12,0000;50,0000;2;19.40842627013631;4,3077;7,0000;34,0000;3;26.69739776951673;4,9730;9,0000;52,0000
269;0;26.419999999999998;5,0820;12,0000;46,0000;1;29.80148148148148;5,3065;12,0000;50,0000;2;19.411851851851853;4,3065;7,0000;34,0000;3;26.698518518518522;4,9721;9,0000;52,0000
270;0;26.418450184501847;5,0784;12,0000;46,0000;1;29.799015990159905;5,3023;12,0000;50,0000;2;19.403936039360396;4,3100;7,0000;34,0000;3;26.695202952029522;4,9754;9,0000;52,0000
271;0;26.414950980392163;5,0720;12,0000;46,0000;1;29.8031862745098;5,3035;12,0000;50,0000;2;19.40147058823529;4,3147;7,0000;34,0000;3;26.702941176470592;4,9809;9,0000;52,0000
272;0;26.41269841269842;5,0709;12,0000;46,0000;1;29.81391941391941;5,3077;12,0000;50,0000;2;19.3978021978022;4,3132;7,0000;34,0000;3;26.714774114774116;4,9843;9,0000;52,0000
273;0;26.414111922141117;5,0752;12,0000;46,0000;1;29.815571776155718;5,3118;12,0000;50,0000;2;19.40097323600973;4,3157;7,0000;34,0000;3;26.709002433090024;4,9831;9,0000;52,0000
274;0;26.412848484848485;5,0758;12,0000;46,0000;1;29.81818181818182;5,3070;12,0000;50,0000;2;19.398787878787875;4,3140;7,0000;34,0000;3;26.70884848484848;4,9790;9,0000;52,0000
275;0;26.41183574879227;5,0776;12,0000;46,0000;1;29.8231884057971;5,3122;12,0000;50,0000;2;19.407246376811592;4,3168;7,0000;34,0000;3;26.708454106280197;4,9740;9,0000;52,0000
276;0;26.409145607701568;5,0772;12,0000;46,0000;1;29.827677496991573;5,3119;12,0000;50,0000;2;19.406016847172083;4,3210;7,0000;34,0000;3;26.71143200962696;4,9734;9,0000;52,0000
277;0;26.405035971223025;5,0766;12,0000;46,0000;1;29.82757793764988;5,3061;12,0000;50,0000;2;19.41270983213429;4,3221;7,0000;34,0000;3;26.70383693045564;4,9764;9,0000;52,0000
278;0;26.407168458781356;5,0739;12,0000;46,0000;1;29.831063321385905;5,3031;12,0000;50,0000;2;19.41027479091995;4,3198;7,0000;34,0000;3;26.704420549581837;4,9739;9,0000;52,0000
279;0;26.406666666666666;5,0715;12,0000;46,0000;1;29.830238095238098;5,2978;12,0000;50,0000;2;19.41238095238095;4,3153;7,0000;34,0000;3;26.715952380952377;4,9785;9,0000;52,0000
280;0;26.40284697508897;5,0702;12,0000;46,0000;1;29.824436536180304;5,3011;12,0000;50,0000;2;19.410201660735467;4,3117;7,0000;34,0000;3;26.711269276393832;4,9733;9,0000;52,0000
281;0;26.40449172576832;5,0642;12,0000;46,0000;1;29.820803782505912;5,2954;12,0000;50,0000;2;19.404255319148934;4,3107;7,0000;34,0000;3;26.702127659574465;4,9777;9,0000;52,0000
282;0;26.39882214369847;5,0628;12,0000;46,0000;1;29.816725559481746;5,2933;12,0000;50,0000;2;19.399528857479385;4,3115;7,0000;34,0000;3;26.702709069493523;4,9761;9,0000;52,0000
283;0;26.40164319248826;5,0608;12,0000;46,0000;1;29.81244131455399;5,2960;12,0000;50,0000;2;19.397183098591547;4,3091;7,0000;34,0000;3;26.696713615023477;4,9723;9,0000;52,0000
284;0;26.404678362573105;5,0617;12,0000;46,0000;1;29.807719298245615;5,2935;12,0000;50,0000;2;19.397894736842108;4,3080;7,0000;34,0000;3;26.699415204678367;4,9745;9,0000;52,0000
285;0;26.40792540792541;5,0639;12,0000;46,0000;1;29.810256410256407;5,2993;12,0000;50,0000;2;19.4018648018648;4,3091;7,0000;34,0000;3;26.702797202797203;4,9757;9,0000;52,0000
286;0;26.404645760743318;5,0692;12,0000;46,0000;1;29.821138211382117;5,3041;12,0000;50,0000;2;19.41138211382114;4,3073;7,0000;34,0000;3;26.701509872241576;4,9780;9,0000;52,0000
287;0;26.415277777777778;5,0715;12,0000;46,0000;1;29.8125;5,3081;12,0000;50,0000;2;19.408564814814817;4,3040;7,0000;34,0000;3;26.70069444444444;4,9759;9,0000;52,0000
288;0;26.423068050749706;5,0789;12,0000;46,0000;1;29.81660899653979;5,3106;12,0000;50,0000;2;19.405997693194923;4,3102;7,0000;34,0000;3;26.70795847750865;4,9758;9,0000;52,0000
289;0;26.421379310344825;5,0767;12,0000;46,0000;1;29.80574712643678;5,3105;12,0000;50,0000;2;19.407586206896553;4,3058;7,0000;34,0000;3;26.70390804597701;4,9756;9,0000;52,0000
290;0;26.42497136311569;5,0726;12,0000;46,0000;1;29.810767468499428;5,3064;12,0000;50,0000;2;19.399541809851087;4,3063;7,0000;34,0000;3;26.702634593356244;4,9737;9,0000;52,0000
291;0;26.422602739726027;5,0684;12,0000;46,0000;1;29.817123287671233;5,3112;12,0000;50,0000;2;19.4027397260274;4,3046;7,0000;34,0000;3;26.697260273972603;4,9753;9,0000;52,0000
292;0;26.431171786120593;5,0786;12,0000;50,0000;1;29.818885096700797;5,3173;12,0000;50,0000;2;19.4;4,3002;7,0000;34,0000;3;26.707394766780435;4,9823;9,0000;52,0000
293;0;26.430612244897958;5,0825;12,0000;50,0000;1;29.813378684807258;5,3210;12,0000;50,0000;2;19.405215419501133;4,3081;7,0000;34,0000;3;26.71337868480726;4,9839;9,0000;52,0000
294;0;26.432542372881358;5,0831;12,0000;50,0000;1;29.8;5,3238;12,0000;50,0000;2;19.405197740112992;4,3054;7,0000;34,0000;3;26.710282485875705;4,9811;9,0000;52,0000
295;0;26.424324324324328;5,0814;12,0000;50,0000;1;29.806981981981984;5,3275;12,0000;50,0000;2;19.41216216216216;4,3031;7,0000;34,0000;3;26.71148648648649;4,9821;9,0000;52,0000
296;0;26.4273849607183;5,0806;12,0000;50,0000;1;29.80314253647587;5,3248;12,0000;50,0000;2;19.417283950617282;4,3014;7,0000;34,0000;3;26.710213243546576;4,9853;9,0000;52,0000
297;0;26.42505592841163;5,0776;12,0000;50,0000;1;29.80604026845638;5,3235;12,0000;50,0000;2;19.415883668903803;4,2976;7,0000;34,0000;3;26.710290827740494;4,9875;9,0000;52,0000
298;0;26.425418060200666;5,0779;12,0000;50,0000;1;29.802452619843926;5,3254;12,0000;50,0000;2;19.41627647714604;4,2957;7,0000;34,0000;3;26.705239687848387;4,9854;9,0000;52,0000
299;0;26.428444444444448;5,0811;12,0000;50,0000;1;29.80888888888889;5,3274;12,0000;50,0000;2;19.41711111111111;4,2927;7,0000;34,0000;3;26.70733333333333;4,9845;9,0000;52,0000
300;0;26.4343300110742;5,0870;12,0000;50,0000;1;29.81173864894795;5,3290;12,0000;50,0000;2;19.415946843853824;4,2911;7,0000;34,0000;3;26.707419712070873;4,9848;9,0000;52,0000
301;0;26.42825607064018;5,0880;12,0000;50,0000;1;29.810154525386316;5,3308;12,0000;50,0000;2;19.427152317880793;4,2939;7,0000;34,0000;3;26.708167770419422;4,9802;9,0000;52,0000
302;0;26.42310231023102;5,0869;12,0000;50,0000;1;29.808360836083608;5,3313;12,0000;50,0000;2;19.42464246424642;4,2943;7,0000;34,0000;3;26.707370737073706;4,9807;9,0000;52,0000
303;0;26.418421052631583;5,0882;12,0000;50,0000;1;29.808771929824562;5,3294;12,0000;50,0000;2;19.41885964912281;4,2985;7,0000;34,0000;3;26.70592105263158;4,9761;9,0000;52,0000
304;0;26.42098360655738;5,0902;12,0000;50,0000;1;29.800218579234972;5,3333;12,0000;50,0000;2;19.41377049180328;4,3009;7,0000;34,0000;3;26.708852459016395;4,9790;9,0000;52,0000
305;0;26.42287581699346;5,0864;12,0000;50,0000;1;29.801742919389977;5,3328;12,0000;50,0000;2;19.41111111111111;4,2991;7,0000;34,0000;3;26.71546840958606;4,9841;9,0000;52,0000
306;0;26.424755700325733;5,0824;12,0000;50,0000;1;29.798914223669925;5,3335;12,0000;50,0000;2;19.414332247557006;4,2977;7,0000;34,0000;3;26.71118349619978;4,9792;9,0000;52,0000
307;0;26.416233766233763;5,0797;12,0000;50,0000;1;29.797835497835496;5,3318;12,0000;50,0000;2;19.412770562770564;4,2947;7,0000;34,0000;3;26.713203463203467;4,9749;9,0000;52,0000
308;0;26.413592233009712;5,0768;12,0000;50,0000;1;29.801078748651566;5,3288;12,0000;50,0000;2;19.415102481121902;4,3003;7,0000;34,0000;3;26.70873786407767;4,9714;9,0000;52,0000
309;0;26.416344086021507;5,0770;12,0000;50,0000;1;29.79956989247312;5,3255;12,0000;50,0000;2;19.41397849462366;4,3030;7,0000;34,0000;3;26.708817204301074;4,9734;9,0000;52,0000
310;0;26.413290460878887;5,0770;12,0000;50,0000;1;29.80042872454448;5,3236;12,0000;50,0000;2;19.406002143622725;4,3069;7,0000;34,0000;3;26.71254019292605;4,9748;9,0000;52,0000
311;0;26.411324786324787;5,0807;12,0000;50,0000;1;29.800213675213673;5,3263;12,0000;50,0000;2;19.40534188034188;4,3092;7,0000;34,0000;3;26.710897435897436;4,9718;9,0000;52,0000
312;0;26.41150159744409;5,0803;12,0000;50,0000;1;29.80319488817891;5,3258;12,0000;50,0000;2;19.403407880724174;4,3070;7,0000;34,0000;3;26.713951011714595;4,9769;9,0000;52,0000
313;0;26.411464968152863;5,0855;12,0000;50,0000;1;29.814861995753716;5,3297;12,0000;50,0000;2;19.40530785562633;4,3075;7,0000;34,0000;3;26.713375796178344;4,9840;9,0000;52,0000
314;0;26.41544973544974;5,0931;12,0000;50,0000;1;29.81693121693122;5,3355;12,0000;50,0000;2;19.408253968253966;4,3071;7,0000;34,0000;3;26.702857142857145;4,9858;9,0000;52,0000
315;0;26.416033755274256;5,0974;12,0000;50,0000;1;29.814978902953587;5,3371;12,0000;50,0000;2;19.412025316455697;4,3082;7,0000;34,0000;3;26.702742616033753;4,9895;9,0000;52,0000
316;0;26.42166140904311;5,0942;12,0000;50,0000;1;29.80609884332282;5,3407;12,0000;50,0000;2;19.40988433228181;4,3097;7,0000;34,0000;3;26.704942166140903;4,9953;9,0000;52,0000
317;0;26.427463312368978;5,0924;12,0000;50,0000;1;29.80146750524109;5,3443;12,0000;50,0000;2;19.410482180293503;4,3063;7,0000;34,0000;3;26.7062893081761;4,9986;9,0000;52,0000
318;0;26.42403343782654;5,0870;12,0000;50,0000;1;29.804388714733545;5,3440;12,0000;50,0000;2;19.40898641588297;4,3049;7,0000;34,0000;3;26.7128526645768;4,9969;9,0000;52,0000
319;0;26.419999999999998;5,0860;12,0000;50,0000;1;29.795416666666668;5,3462;12,0000;50,0000;2;19.408333333333335;4,3082;7,0000;34,0000;3;26.715208333333333;5,0011;9,0000;52,0000
320;0;26.423260643821394;5,0859;12,0000;50,0000;1;29.791069574247143;5,3522;12,0000;50,0000;2;19.40581516095535;4,3070;7,0000;34,0000;3;26.717341640706124;5,0039;9,0000;52,0000
321;0;26.421325051759837;5,0866;12,0000;50,0000;1;29.79772256728778;5,3541;12,0000;50,0000;2;19.40351966873706;4,3071;7,0000;34,0000;3;26.721325051759834;5,0048;9,0000;52,0000
322;0;26.427450980392155;5,0864;12,0000;50,0000;1;29.803302373581012;5,3576;12,0000;50,0000;2;19.40639834881321;4,3055;7,0000;34,0000;3;26.715376676986587;5,0087;9,0000;52,0000
323;0;26.429012345679013;5,0847;12,0000;50,0000;1;29.802880658436216;5,3555;12,0000;50,0000;2;19.401028806584364;4,3065;7,0000;34,0000;3;26.71831275720164;5,0074;9,0000;52,0000
324;0;26.42830769230769;5,0823;12,0000;50,0000;1;29.803076923076922;5,3542;12,0000;50,0000;2;19.399384615384616;4,3090;6,0000;34,0000;3;26.719589743589744;5,0104;9,0000;52,0000
325;0;26.432719836400814;5,0798;12,0000;50,0000;1;29.80081799591002;5,3532;12,0000;50,0000;2;19.40306748466258;4,3076;6,0000;34,0000;3;26.71820040899795;5,0080;9,0000;52,0000
326;0;26.428746177370027;5,0783;12,0000;50,0000;1;29.800815494393476;5,3500;12,0000;50,0000;2;19.40387359836901;4,3020;6,0000;34,0000;3;26.719266055045875;5,0097;9,0000;52,0000
327;0;26.43313008130081;5,0821;12,0000;50,0000;1;29.801829268292682;5,3485;12,0000;50,0000;2;19.404065040650405;4,2997;6,0000;34,0000;3;26.722357723577232;5,0067;9,0000;52,0000
328;0;26.435258358662608;5,0841;12,0000;50,0000;1;29.80182370820669;5,3490;12,0000;50,0000;2;19.40222897669706;4,3007;6,0000;34,0000;3;26.72887537993921;5,0088;9,0000;52,0000
329;0;26.431515151515146;5,0851;12,0000;50,0000;1;29.80363636363636;5,3494;12,0000;50,0000;2;19.404646464646465;4,3002;6,0000;34,0000;3;26.72929292929293;5,0061;9,0000;52,0000
330;0;26.435045317220542;5,0855;12,0000;50,0000;1;29.807653575025178;5,3484;12,0000;50,0000;2;19.408257804632427;4,3021;6,0000;34,0000;3;26.732124874118835;5,0050;9,0000;52,0000
331;0;26.432530120481925;5,0821;12,0000;50,0000;1;29.799598393574296;5,3464;12,0000;50,0000;2;19.410240963855422;4,3042;6,0000;34,0000;3;26.727911646586346;5,0042;9,0000;52,0000
332;0;26.439239239239235;5,0857;12,0000;50,0000;1;29.8022022022022;5,3473;12,0000;50,0000;2;19.41061061061061;4,3030;6,0000;34,0000;3;26.722922922922926;5,0031;9,0000;52,0000
333;0;26.43053892215569;5,0823;12,0000;50,0000;1;29.795409181636728;5,3457;12,0000;50,0000;2;19.41197604790419;4,3011;6,0000;34,0000;3;26.729141716566872;5,0019;9,0000;52,0000
334;0;26.428855721393035;5,0818;12,0000;50,0000;1;29.798805970149253;5,3446;12,0000;50,0000;2;19.413333333333334;4,3000;6,0000;34,0000;3;26.72955223880597;5,0017;9,0000;52,0000
335;0;26.428174603174607;5,0831;12,0000;50,0000;1;29.8015873015873;5,3458;12,0000;50,0000;2;19.41190476190476;4,2980;6,0000;34,0000;3;26.728373015873018;5,0049;9,0000;52,0000
336;0;26.431849653808108;5,0837;12,0000;50,0000;1;29.800791295746784;5,3421;12,0000;50,0000;2;19.411078140454993;4,2955;6,0000;34,0000;3;26.73649851632048;5,0073;9,0000;52,0000
337;0;26.435700197238663;5,0810;12,0000;50,0000;1;29.801577909270218;5,3513;12,0000;50,0000;2;19.41794871794872;4,2941;6,0000;34,0000;3;26.73944773175542;5,0078;9,0000;52,0000
338;0;26.431661750245823;5,0810;12,0000;50,0000;1;29.798623402163223;5,3528;12,0000;50,0000;2;19.424385447394297;4,2969;6,0000;34,0000;3;26.74591937069814;5,0095;9,0000;52,0000
339;0;26.43117647058823;5,0780;12,0000;50,0000;1;29.799411764705884;5,3524;12,0000;50,0000;2;19.423921568627453;4,3045;6,0000;34,0000;3;26.743725490196073;5,0135;9,0000;52,0000
340;0;26.436559139784947;5,0785;12,0000;50,0000;1;29.79726295210166;5,3511;12,0000;50,0000;2;19.421114369501467;4,3054;6,0000;34,0000;3;26.74369501466275;5,0150;9,0000;52,0000
341;0;26.439181286549704;5,0793;12,0000;50,0000;1;29.794541910331382;5,3468;12,0000;50,0000;2;19.4214424951267;4,3046;6,0000;34,0000;3;26.751461988304094;5,0158;9,0000;52,0000
342;0;26.4396501457726;5,0737;12,0000;50,0000;1;29.79144800777454;5,3466;12,0000;50,0000;2;19.425850340136055;4,3038;6,0000;34,0000;3;26.7514091350826;5,0167;9,0000;52,0000
343;0;26.44496124031008;5,0782;12,0000;50,0000;1;29.78313953488372;5,3505;12,0000;50,0000;2;19.41976744186046;4,3087;6,0000;34,0000;3;26.7562015503876;5,0180;9,0000;52,0000
344;0;26.451400966183577;5,0810;12,0000;50,0000;1;29.78492753623188;5,3559;12,0000;50,0000;2;19.415072463768116;4,3124;6,0000;34,0000;3;26.75632850241546;5,0162;9,0000;52,0000
345;0;26.450289017341035;5,0788;12,0000;50,0000;1;29.789980732177263;5,3568;12,0000;50,0000;2;19.41252408477842;4,3091;6,0000;34,0000;3;26.757803468208095;5,0173;9,0000;52,0000
346;0;26.44822286263208;5,0768;12,0000;50,0000;1;29.793083573487035;5,3595;12,0000;50,0000;2;19.4090297790586;4,3088;6,0000;34,0000;3;26.756195965417863;5,0194;9,0000;52,0000
347;0;26.450383141762458;5,0774;12,0000;50,0000;1;29.79310344827586;5,3581;12,0000;50,0000;2;19.414367816091954;4,3114;6,0000;34,0000;3;26.74865900383142;5,0260;9,0000;52,0000
348;0;26.448137535816624;5,0778;12,0000;50,0000;1;29.790448901623687;5,3557;12,0000;50,0000;2;19.413944603629417;4,3085;6,0000;34,0000;3;26.749761222540588;5,0265;9,0000;52,0000
349;0;26.44838095238096;5,0748;12,0000;50,0000;1;29.79657142857143;5,3558;12,0000;50,0000;2;19.420761904761907;4,3108;6,0000;34,0000;3;26.74057142857142;5,0351;9,0000;52,0000
350;0;26.442165242165245;5,0744;12,0000;50,0000;1;29.792972459639127;5,3585;12,0000;50,0000;2;19.418423551756884;4,3088;6,0000;34,0000;3;26.734662867996203;5,0333;9,0000;52,0000
351;0;26.43977272727273;5,0800;12,0000;50,0000;1;29.787310606060608;5,3569;12,0000;50,0000;2;19.423484848484847;4,3102;6,0000;34,0000;3;26.735606060606056;5,0337;9,0000;52,0000
352;0;26.446836638338056;5,0833;12,0000;50,0000;1;29.784891406987725;5,3583;12,0000;50,0000;2;19.420396600566573;4,3145;6,0000;34,0000;3;26.73937677053825;5,0306;9,0000;52,0000
353;0;26.445197740112988;5,0819;12,0000;50,0000;1;29.785499058380413;5,3615;12,0000;50,0000;2;19.42165725047081;4,3156;6,0000;34,0000;3;26.737853107344637;5,0272;9,0000;52,0000
354;0;26.44281690140845;5,0796;12,0000;50,0000;1;29.78159624413145;5,3604;12,0000;50,0000;2;19.42666666666667;4,3144;6,0000;34,0000;3;26.734272300469488;5,0327;9,0000;52,0000
355;0;26.449625468164797;5,0797;12,0000;50,0000;1;29.78876404494382;5,3638;12,0000;50,0000;2;19.424719101123593;4,3160;6,0000;34,0000;3;26.73408239700374;5,0301;9,0000;52,0000
356;0;26.441830065359472;5,0805;12,0000;50,0000;1;29.791596638655463;5,3614;12,0000;50,0000;2;19.430065359477123;4,3170;6,0000;34,0000;3;26.733520074696543;5,0276;9,0000;52,0000
357;0;26.44283054003724;5,0787;12,0000;50,0000;1;29.796275605214152;5,3600;12,0000;50,0000;2;19.430353817504656;4,3183;6,0000;34,0000;3;26.734078212290502;5,0313;9,0000;52,0000
358;0;26.443639740018572;5,0774;12,0000;50,0000;1;29.795171773444753;5,3577;12,0000;50,0000;2;19.43286908077995;4,3166;6,0000;34,0000;3;26.732961931290625;5,0344;9,0000;52,0000
359;0;26.448333333333338;5,0764;12,0000;50,0000;1;29.79462962962963;5,3534;12,0000;50,0000;2;19.43685185185185;4,3182;6,0000;34,0000;3;26.73296296296296;5,0342;9,0000;52,0000
